識別碼,母親教育程度,月_03,月_06,月_12,月_18,月_24
S1001,大學以上,20,32,51,52,63
S1002,大學以上,22,29,36,54,65
S1003,大學以上,20,28,48,58,72
S1004,專科以下,26,29,53,62,68
S1005,大學以上,28,35,58,65,70
S1006,大學以上,25,31,45,54,68
S1007,專科以下,30,35,58,58,67
S1008,大學以上,27,33,57,62,67
S1009,大學以上,29,32,48,62,75
S1010,專科以下,22,30,52,55,59
S1011,專科以下,30,31,55,54,71
S1012,大學以上,24,27,54,56,67
S1013,大學以上,31,32,65,73,78
S1014,大學以上,24,26,58,60,62
S1015,大學以上,21,26,46,50,50
S1016,專科以下,25,28,40,54,55
S1017,大學以上,29,35,56,67,65
S1018,專科以下,25,32,57,58,69
S1019,大學以上,29,35,58,63,70
S1020,大學以上,23,37,54,67,70
S1021,專科以下,22,30,51,56,66
S1022,專科以下,33,35,55,60,63
S1023,專科以下,26,32,56,59,66
S1024,專科以下,24,29,40,49,54
S1025,大學以上,22,29,44,54,66
S1026,專科以下,26,27,51,56,63
S1027,專科以下,24,32,58,60,71
S1028,專科以下,24,36,55,65,67
S1029,大學以上,22,24,38,58,62
S1030,專科以下,24,34,52,60,70
S1031,大學以上,29,35,60,63,65
S1032,大學以上,21,22,45,57,79
S1033,大學以上,27,35,59,61,65
S1034,專科以下,23,29,53,65,76
S1035,專科以下,22,35,47,52,58
S1036,專科以下,21,25,52,58,68
S1037,大學以上,24,31,53,60,54
S1038,大學以上,22,26,46,52,61
S1039,專科以下,28,33,34,55,64
S1040,大學以上,33,38,60,63,68
S1041,大學以上,27,34,53,65,70
S1042,大學以上,24,34,54,59,74
S1043,大學以上,24,32,41,55,60
S1044,大學以上,31,36,58,60,69
S1045,專科以下,34,34,57,59,65
S1046,大學以上,27,34,52,60,63
S1047,大學以上,23,33,59,60,77
S1048,大學以上,30,31,52,59,60
S1049,大學以上,27,33,57,58,66
S1050,大學以上,23,32,45,60,60
S1051,大學以上,21,28,44,59,60
S1052,專科以下,22,30,56,65,62
S1053,大學以上,23,30,52,56,68
S1054,大學以上,24,33,53,58,73
S1055,專科以下,25,30,58,64,75
S1056,大學以上,26,31,53,61,62
S1057,大學以上,22,31,57,58,60
S1058,專科以下,24,32,50,57,59
S1059,大學以上,33,33,53,57,63
S1060,大學以上,25,33,59,62,71
S1061,專科以下,26,30,35,47,52
S1062,專科以下,30,35,49,63,60
S1063,專科以下,26,35,57,63,69
S1064,大學以上,24,33,50,61,66
S1065,專科以下,26,33,53,62,63
S1066,大學以上,22,31,57,61,79
S1067,大學以上,24,32,52,61,61
S1068,專科以下,26,34,51,59,60
S1069,大學以上,28,32,50,65,68
S1070,大學以上,23,29,53,57,67
S1071,專科以下,23,32,56,60,67
S1072,大學以上,25,32,53,59,62
S1073,專科以下,24,27,59,62,62
S1074,大學以上,23,27,53,47,52
S1075,專科以下,28,37,57,65,66
S1076,大學以上,29,30,57,61,68
S1077,大學以上,29,35,53,58,64
S1078,專科以下,27,33,46,56,56
S1079,專科以下,22,28,42,44,54
S1080,大學以上,23,31,59,59,66
S1081,專科以下,21,26,51,59,61
S1082,大學以上,27,38,60,59,65
S1083,大學以上,22,25,53,60,74
S1084,大學以上,21,24,39,50,64
S1085,專科以下,28,29,51,51,53
S1086,大學以上,24,30,49,52,65
S1087,大學以上,23,31,58,62,68
S1088,大學以上,24,29,52,62,68
S1089,專科以下,23,27,35,48,64
S1090,大學以上,23,34,51,56,59
S1091,專科以下,22,32,56,56,64
S1092,大學以上,22,24,50,56,63
S1093,大學以上,28,35,55,62,78
S1094,大學以上,27,29,53,63,67
S1095,大學以上,27,35,48,51,65
S1096,專科以下,25,35,51,59,68
S1097,專科以下,27,34,53,62,66
S1098,專科以下,23,24,47,56,63
S1099,大學以上,23,37,38,54,76
S1100,專科以下,25,34,54,67,64
S1101,大學以上,21,30,53,65,73
S1102,大學以上,25,25,33,44,55
S1103,大學以上,22,31,51,62,68
S1104,專科以下,28,31,57,59,66
S1105,大學以上,24,30,52,61,71
S1106,大學以上,23,29,57,59,72
S1107,大學以上,29,33,59,77,75
S1108,大學以上,22,29,37,62,71
S1109,大學以上,25,28,43,55,59
S1110,大學以上,26,32,53,56,74
S1111,大學以上,31,35,56,65,62
S1112,大學以上,27,31,52,59,68
S1113,大學以上,23,34,48,66,79
S1114,大學以上,30,33,58,61,74
S1115,大學以上,28,35,57,65,64
S1116,大學以上,25,30,54,60,74
S1117,大學以上,25,32,56,59,62
S1118,專科以下,20,33,58,65,62
S1119,大學以上,25,33,58,58,66
S1120,大學以上,29,37,50,59,61
S1121,專科以下,24,27,51,59,67
S1122,大學以上,28,33,52,61,64
S1123,大學以上,33,34,57,61,72
S1124,大學以上,22,31,58,62,62
S1125,大學以上,28,32,49,56,68
S1126,專科以下,33,38,57,62,63
S1127,專科以下,24,28,56,61,69
S1128,專科以下,26,29,60,60,75
S1129,專科以下,27,28,53,54,64
S1130,大學以上,23,25,49,56,66
S1131,專科以下,24,26,60,65,70
S1132,大學以上,34,35,64,66,72
S1133,大學以上,28,30,44,55,60
S1134,專科以下,26,33,56,61,69
S1135,大學以上,26,25,49,59,64
S1136,專科以下,33,34,46,61,64
S1137,專科以下,24,31,45,58,67
S1138,大學以上,23,29,52,58,67
S1139,大學以上,24,31,40,54,62
S1140,專科以下,25,29,57,59,71
S1141,大學以上,26,36,49,54,54
S1142,專科以下,30,35,48,60,64
S1143,大學以上,26,30,55,59,72
S1144,大學以上,30,29,60,63,77
S1145,大學以上,22,30,56,59,61
S1146,專科以下,29,32,48,50,59
S1147,大學以上,22,36,54,63,78
S1148,大學以上,29,29,57,69,79
S1149,專科以下,23,31,49,61,68
S1150,大學以上,26,30,54,62,69
S1151,大學以上,22,34,55,61,70
S1152,專科以下,24,31,44,57,59
S1153,專科以下,23,26,39,53,60
S1154,專科以下,20,24,52,58,60
S1155,大學以上,27,32,58,65,72
S1156,專科以下,27,29,50,54,63
S1157,大學以上,25,32,57,60,64
S1158,大學以上,23,29,49,66,78
S1159,大學以上,24,32,53,58,74
S1160,大學以上,21,29,54,61,62
S1161,專科以下,32,38,62,65,76
S1162,大學以上,28,37,53,59,69
S1163,大學以上,26,31,55,58,70
S1164,專科以下,22,32,47,57,58
S1165,專科以下,28,37,54,49,68
S1166,大學以上,23,30,55,63,67
S1167,大學以上,24,30,52,60,62
S1168,專科以下,22,30,42,57,61
S1169,大學以上,29,32,55,62,63
S1170,大學以上,25,32,53,58,72
S1171,大學以上,22,28,45,49,57
S1172,大學以上,24,31,57,61,76
S1173,專科以下,27,29,51,55,68
S1174,大學以上,27,32,56,61,63
S1175,專科以下,30,38,57,62,69
S1176,大學以上,22,25,59,61,65
S1177,大學以上,27,32,55,64,63
S1178,專科以下,26,38,58,61,79
S1179,大學以上,27,35,59,68,70
S1180,專科以下,29,26,59,56,65
S1181,專科以下,25,33,55,59,67
S1182,大學以上,26,32,55,58,62
S1183,大學以上,26,34,51,63,57
S1184,大學以上,27,34,47,57,66
S1185,大學以上,31,34,54,58,76
S1186,大學以上,22,28,53,63,74
S1187,專科以下,26,34,57,62,71
S1188,專科以下,23,24,41,62,74
S1189,大學以上,29,32,55,59,72
S1190,大學以上,22,31,48,61,64
S1191,大學以上,23,30,53,57,61
S1192,大學以上,23,33,54,60,59
S1193,大學以上,26,32,59,63,71
S1194,專科以下,28,29,53,57,64
S1195,大學以上,24,29,56,54,68
S1196,專科以下,24,30,52,61,73
S1197,大學以上,24,29,56,57,63
S1198,專科以下,27,29,45,57,71
S1199,專科以下,27,32,56,60,67
S1200,大學以上,30,35,58,63,64
S1201,大學以上,28,32,49,60,71
S1202,專科以下,32,35,59,64,69
S1203,專科以下,22,29,46,56,56
S1204,專科以下,26,34,56,61,65
S1205,專科以下,24,27,46,57,58
S1206,專科以下,29,32,51,57,61
S1207,專科以下,29,30,49,58,61
S1208,專科以下,28,34,46,61,61
S1209,大學以上,27,32,49,59,67
S1210,大學以上,30,35,56,57,63
S1211,大學以上,27,29,33,51,62
S1212,大學以上,25,31,51,67,69
S1213,大學以上,32,37,59,66,75
S1214,大學以上,22,27,34,58,63
S1215,大學以上,26,31,59,61,65
S1216,大學以上,26,33,41,58,62
S1217,大學以上,24,31,49,61,61
S1218,大學以上,22,29,39,56,56
S1219,專科以下,31,33,56,62,65
S1220,大學以上,27,32,52,57,68
S1221,大學以上,23,38,61,65,68
S1222,大學以上,29,30,54,59,60
S1223,大學以上,24,30,54,63,74
S1224,專科以下,27,36,57,51,73
S1225,大學以上,24,31,48,56,71
S1226,專科以下,27,32,48,58,67
S1227,專科以下,30,35,54,59,75
S1228,專科以下,38,36,46,59,77
S1229,大學以上,23,31,55,59,59
S1230,專科以下,25,28,41,44,56
S1231,大學以上,30,32,55,63,74
S1232,專科以下,29,35,59,61,62
S1233,大學以上,32,35,57,64,70
S1234,大學以上,28,36,54,59,70
S1235,大學以上,23,24,48,59,62
S1236,專科以下,25,33,47,58,68
S1237,專科以下,27,34,53,57,66
S1238,專科以下,30,29,50,60,63
S1239,專科以下,30,34,51,62,62
S1240,大學以上,21,26,51,58,72
S1241,專科以下,26,29,50,62,63
S1242,專科以下,25,33,52,58,69
S1243,大學以上,28,31,54,67,80
S1244,專科以下,24,33,55,61,65
S1245,專科以下,22,33,43,51,50
S1246,大學以上,25,33,47,54,56
S1247,專科以下,29,30,39,53,60
S1248,專科以下,27,31,55,61,68
S1249,大學以上,26,29,52,60,67
S1250,大學以上,20,25,44,55,67
S1251,專科以下,30,33,54,61,64
S1252,專科以下,22,25,44,59,58
S1253,大學以上,24,27,54,56,76
S1254,大學以上,33,36,56,63,66
S1255,大學以上,28,33,49,60,71
S1256,大學以上,30,30,53,57,76
S1257,大學以上,23,32,50,60,76
S1258,大學以上,26,30,48,59,70
S1259,大學以上,20,28,56,63,66
S1260,大學以上,22,25,37,62,79
S1261,大學以上,24,33,40,57,64
S1262,專科以下,30,34,54,59,70
S1263,專科以下,24,29,49,60,62
S1264,大學以上,27,32,59,62,74
S1265,專科以下,24,26,50,48,55
S1266,專科以下,33,38,60,70,71
S1267,專科以下,27,30,44,51,64
S1268,專科以下,33,33,58,64,67
S1269,大學以上,24,29,56,59,70
S1270,大學以上,25,31,55,63,73
S1271,專科以下,30,38,54,59,67
S1272,大學以上,26,32,55,61,76
S1273,大學以上,25,25,47,57,63
S1274,專科以下,23,30,54,57,72
S1275,專科以下,25,28,51,51,66
S1276,專科以下,27,36,53,54,66
S1277,大學以上,26,32,59,61,60
S1278,專科以下,26,29,39,47,58
S1279,專科以下,23,29,58,60,69
S1280,專科以下,22,31,47,53,56
S1281,大學以上,26,31,49,60,65
S1282,專科以下,23,28,53,59,60
S1283,大學以上,27,26,45,46,55
S1284,大學以上,24,28,50,60,57
S1285,大學以上,26,27,45,59,68
S1286,大學以上,23,35,56,66,68
S1287,專科以下,30,33,58,61,65
S1288,大學以上,29,33,56,58,60
S1289,專科以下,28,33,50,64,77
S1290,專科以下,26,31,52,60,58
S1291,大學以上,24,30,43,57,62
S1292,大學以上,29,37,53,60,66
S1293,大學以上,24,33,56,66,80
S1294,大學以上,27,29,47,54,57
S1295,大學以上,24,27,45,53,57
S1296,專科以下,25,28,57,65,74
S1297,大學以上,27,29,48,64,80
S1298,大學以上,25,34,57,60,62
S1299,大學以上,23,31,51,57,62
S1300,專科以下,27,27,50,55,60
S1301,大學以上,23,32,53,61,66
S1302,專科以下,25,29,48,58,64
S1303,大學以上,35,31,50,66,75
S1304,大學以上,22,30,52,63,66
S1305,大學以上,26,28,46,58,62
S1306,專科以下,28,32,57,61,71
S1307,大學以上,26,32,54,60,64
S1308,大學以上,27,37,54,59,64
S1309,大學以上,24,32,51,68,72
S1310,大學以上,26,36,59,63,74
S1311,專科以下,30,31,49,54,54
S1312,大學以上,29,31,52,68,77
S1313,大學以上,24,29,55,64,74
S1314,大學以上,21,30,46,52,59
S1315,大學以上,26,34,60,65,69
S1316,專科以下,34,38,59,60,67
S1317,大學以上,21,24,48,62,70
S1318,專科以下,27,33,48,59,66
S1319,大學以上,21,25,42,50,65
S1320,大學以上,23,34,56,62,64
S1321,專科以下,25,30,38,50,58
S1322,專科以下,24,28,50,56,62
S1323,大學以上,32,29,50,58,66
S1324,大學以上,23,32,45,48,51
S1325,大學以上,25,35,57,59,62
S1326,大學以上,25,31,52,42,63
S1327,大學以上,20,26,40,55,59
S1328,專科以下,23,29,43,56,61
S1329,大學以上,30,38,64,67,74
S1330,大學以上,29,30,49,55,61
S1331,專科以下,26,32,42,56,58
S1332,大學以上,24,30,59,62,74
S1333,大學以上,30,34,52,61,62
S1334,大學以上,26,26,52,63,79
S1335,專科以下,32,35,57,61,62
S1336,專科以下,21,30,53,62,64
S1337,專科以下,27,31,59,65,74
S1338,專科以下,20,23,41,56,57
S1339,專科以下,22,31,51,58,62
S1340,大學以上,26,30,50,63,73
S1341,專科以下,24,32,63,65,65
S1342,大學以上,24,29,55,57,64
S1343,大學以上,28,29,51,57,57
S1344,大學以上,26,31,55,58,72
S1345,大學以上,28,28,55,59,66
S1346,大學以上,27,30,54,58,71
S1347,大學以上,28,33,51,61,77
S1348,專科以下,32,34,54,58,59
S1349,大學以上,22,28,60,65,66
S1350,大學以上,23,28,58,64,71
S1351,大學以上,23,28,57,59,64
S1352,專科以下,29,29,58,61,59
S1353,專科以下,26,32,57,54,63
S1354,專科以下,24,31,57,59,74
S1355,專科以下,29,32,53,59,67
S1356,專科以下,33,36,54,58,66
S1357,大學以上,32,32,51,57,68
S1358,大學以上,20,25,38,48,64
S1359,大學以上,23,31,54,58,62
S1360,大學以上,21,30,54,58,70
S1361,專科以下,26,31,56,61,63
S1362,大學以上,24,27,51,68,74
S1363,大學以上,28,33,57,64,72
S1364,專科以下,30,38,58,61,63
S1365,專科以下,24,33,49,62,62
S1366,大學以上,32,32,57,67,72
S1367,專科以下,31,33,48,55,62
S1368,大學以上,25,30,48,61,68
S1369,大學以上,23,37,59,60,61
S1370,大學以上,26,34,55,60,64
S1371,專科以下,21,23,57,62,67
S1372,專科以下,30,35,56,67,69
S1373,大學以上,21,28,43,60,61
S1374,專科以下,24,30,47,60,69
S1375,大學以上,25,34,57,59,72
S1376,大學以上,26,32,54,65,77
S1377,大學以上,25,25,40,53,69
S1378,大學以上,22,29,45,58,60
S1379,專科以下,24,24,54,60,64
S1380,大學以上,20,29,56,59,70
S1381,大學以上,23,33,51,64,74
S1382,專科以下,24,29,51,58,58
S1383,大學以上,23,33,51,62,57
S1384,大學以上,32,33,57,64,70
S1385,大學以上,28,32,52,66,74
S1386,大學以上,24,29,35,47,53
S1387,大學以上,29,35,55,61,60
S1388,大學以上,23,27,51,67,74
S1389,大學以上,21,26,37,61,55
S1390,專科以下,25,32,61,65,69
S1391,大學以上,21,31,47,59,62
S1392,大學以上,32,33,52,59,61
S1393,大學以上,30,36,46,55,56
S1394,大學以上,28,33,55,61,66
S1395,專科以下,30,33,55,61,71
S1396,大學以上,28,31,58,69,75
S1397,大學以上,23,32,54,66,72
S1398,專科以下,26,31,58,62,65
S1399,大學以上,30,36,57,58,59
S1400,專科以下,25,29,47,60,63
S1401,大學以上,25,32,44,59,62
S1402,專科以下,28,28,59,59,75
S1403,專科以下,23,28,47,56,63
S1404,大學以上,26,29,52,60,62
S1405,專科以下,24,26,45,62,70
S1406,專科以下,26,28,56,64,77
S1407,專科以下,25,29,48,61,77
S1408,專科以下,25,27,58,61,62
S1409,專科以下,25,31,48,63,67
S1410,大學以上,27,30,56,56,67
S1411,大學以上,28,33,54,50,63
S1412,大學以上,29,33,57,60,63
S1413,大學以上,24,30,59,62,64
S1414,大學以上,25,29,48,54,65
S1415,大學以上,31,38,58,70,80
S1416,大學以上,31,36,59,60,76
S1417,大學以上,26,30,50,58,60
S1418,專科以下,23,36,57,61,62
S1419,大學以上,27,35,52,62,73
S1420,大學以上,28,30,43,57,62
S1421,大學以上,24,31,50,58,70
S1422,專科以下,25,31,54,58,66
S1423,大學以上,25,26,51,57,60
S1424,專科以下,24,29,43,52,54
S1425,大學以上,23,26,42,56,66
S1426,大學以上,35,36,60,62,72
S1427,大學以上,24,33,58,60,71
S1428,專科以下,29,32,57,62,69
S1429,大學以上,20,28,56,58,76
S1430,專科以下,27,33,53,56,63
S1431,專科以下,23,22,43,57,58
S1432,大學以上,25,32,58,62,74
S1433,大學以上,30,32,61,65,75
S1434,專科以下,26,28,57,59,62
S1435,專科以下,33,34,54,61,62
S1436,大學以上,25,33,54,61,62
S1437,專科以下,24,29,49,50,56
S1438,大學以上,25,32,48,63,78
S1439,專科以下,23,34,50,61,63
S1440,大學以上,26,33,52,59,65
S1441,大學以上,23,32,49,67,73
S1442,大學以上,31,35,45,62,71
S1443,大學以上,28,28,45,51,57
S1444,大學以上,27,34,59,62,58
S1445,大學以上,26,28,45,54,68
S1446,大學以上,23,27,49,60,62
S1447,專科以下,21,32,50,55,57
S1448,大學以上,25,31,49,53,68
S1449,專科以下,27,35,51,57,63
S1450,大學以上,24,27,53,58,72
S1451,專科以下,23,27,52,60,67
S1452,大學以上,24,31,54,55,58
S1453,大學以上,31,35,56,60,72
S1454,專科以下,27,31,55,58,57
S1455,專科以下,28,33,46,54,68
S1456,大學以上,24,30,53,61,69
S1457,大學以上,22,29,50,60,62
S1458,大學以上,29,32,55,61,64
S1459,大學以上,27,29,64,66,71
S1460,大學以上,23,27,41,43,53
S1461,專科以下,22,26,51,59,61
S1462,專科以下,23,26,45,52,59
S1463,大學以上,31,35,57,63,66
S1464,專科以下,30,32,62,62,79
S1465,專科以下,27,30,56,57,64
S1466,大學以上,23,27,55,58,63
S1467,專科以下,26,27,44,54,58
S1468,大學以上,26,33,56,61,74
S1469,專科以下,24,34,55,62,70
S1470,專科以下,26,35,59,63,72
S1471,大學以上,21,23,60,61,73
S1472,大學以上,24,32,44,60,76
S1473,大學以上,26,35,44,59,64
S1474,專科以下,26,29,44,59,61
S1475,大學以上,24,30,58,62,71
S1476,專科以下,23,29,42,58,68
S1477,大學以上,27,33,55,55,72
S1478,專科以下,23,31,54,56,64
S1479,大學以上,27,35,53,59,62
S1480,大學以上,26,30,54,60,80
S1481,專科以下,30,32,57,59,69
S1482,大學以上,28,35,57,65,77
S1483,專科以下,30,34,56,64,75
S1484,大學以上,27,35,53,59,60
S1485,大學以上,33,35,57,60,60
S1486,大學以上,23,29,54,59,62
S1487,專科以下,21,27,53,59,60
S1488,大學以上,25,32,45,61,62
S1489,大學以上,24,31,44,60,66
S1490,大學以上,31,30,55,64,68
S1491,大學以上,30,36,54,57,57
S1492,專科以下,28,32,43,62,61
S1493,大學以上,25,32,44,54,60
S1494,大學以上,21,32,57,64,68
S1495,大學以上,25,34,53,56,61
S1496,專科以下,25,32,46,58,62
S1497,大學以上,25,25,49,56,60
S1498,專科以下,28,35,52,59,66
S1499,大學以上,24,31,59,65,73
S1500,大學以上,24,34,47,56,63
S1501,大學以上,25,35,51,57,65
S1502,專科以下,25,27,40,51,61
S1503,大學以上,30,34,57,60,76
S1504,專科以下,22,35,56,60,63
S1505,大學以上,22,30,55,60,66
S1506,大學以上,22,29,56,59,72
S1507,專科以下,25,28,51,61,72
S1508,專科以下,25,31,42,55,60
S1509,專科以下,33,36,57,60,75
S1510,大學以上,28,36,57,58,66
S1511,大學以上,26,26,48,55,66
S1512,大學以上,27,28,52,53,59
S1513,專科以下,27,34,57,60,63
S1514,大學以上,23,29,56,60,66
S1515,專科以下,20,23,56,59,67
S1516,專科以下,35,33,58,62,75
S1517,大學以上,29,34,58,64,68
S1518,專科以下,23,33,57,59,63
S1519,專科以下,22,28,43,59,62
S1520,專科以下,29,35,60,62,65
S1521,大學以上,21,25,50,61,79
S1522,大學以上,25,28,53,56,59
S1523,大學以上,32,30,58,69,72
S1524,大學以上,21,26,45,54,55
S1525,專科以下,24,34,57,55,65
S1526,大學以上,30,33,58,61,78
S1527,大學以上,23,29,47,57,64
S1528,大學以上,27,33,53,56,61
S1529,專科以下,23,29,44,61,68
S1530,專科以下,32,33,57,57,70
S1531,大學以上,27,33,54,60,68
S1532,專科以下,31,30,56,61,66
S1533,專科以下,25,36,59,60,70
S1534,大學以上,25,31,59,66,75
S1535,大學以上,23,26,55,63,68
S1536,大學以上,26,31,50,59,63
S1537,專科以下,28,32,50,62,65
S1538,專科以下,26,26,58,66,62
S1539,專科以下,24,33,50,64,78
S1540,大學以上,23,25,41,41,55
S1541,大學以上,25,31,48,59,62
S1542,大學以上,23,33,56,60,73
S1543,大學以上,25,33,53,56,68
S1544,大學以上,25,26,59,62,71
S1545,專科以下,24,33,44,60,65
S1546,專科以下,23,38,55,59,72
S1547,專科以下,31,29,59,62,64
S1548,大學以上,23,31,49,63,73
S1549,大學以上,27,33,56,61,63
S1550,專科以下,24,31,39,57,72
S1551,專科以下,24,30,55,57,65
S1552,大學以上,21,31,45,58,78
S1553,大學以上,29,35,55,64,68
S1554,大學以上,21,33,49,59,66
S1555,大學以上,25,34,56,60,73
S1556,大學以上,27,33,47,59,59
S1557,專科以下,35,38,62,65,72
S1558,大學以上,24,30,50,55,60
S1559,專科以下,27,30,50,56,58
S1560,專科以下,23,29,55,58,61
S1561,專科以下,28,32,48,61,62
S1562,專科以下,28,33,61,63,71
S1563,專科以下,21,30,41,42,54
S1564,大學以上,33,37,58,66,78
S1565,大學以上,25,33,59,68,74
S1566,大學以上,25,27,44,61,72
S1567,大學以上,25,29,57,63,78
S1568,大學以上,24,28,42,59,65
S1569,專科以下,28,34,51,59,62
S1570,大學以上,26,35,43,57,66
S1571,專科以下,27,30,43,53,56
S1572,專科以下,24,38,58,61,67
S1573,專科以下,23,31,51,59,61
S1574,專科以下,26,32,51,58,65
S1575,專科以下,24,27,56,60,61
S1576,專科以下,21,35,52,60,60
S1577,大學以上,23,29,52,54,66
S1578,大學以上,21,35,53,66,78
S1579,專科以下,24,24,36,46,45
S1580,大學以上,27,28,51,59,64
S1581,大學以上,23,35,58,62,70
S1582,大學以上,25,31,57,68,77
S1583,專科以下,24,34,47,56,61
S1584,大學以上,28,34,56,60,61
S1585,大學以上,27,30,58,60,65
S1586,大學以上,27,34,59,61,69
S1587,大學以上,26,30,52,62,66
S1588,大學以上,26,33,53,61,64
S1589,大學以上,28,34,51,62,70
S1590,大學以上,24,29,43,55,67
S1591,大學以上,30,34,56,58,61
S1592,大學以上,23,29,54,58,66
S1593,專科以下,23,30,48,46,50
S1594,專科以下,23,32,47,49,72
S1595,大學以上,24,27,51,60,62
S1596,大學以上,22,29,55,60,69
S1597,大學以上,27,31,56,61,74
S1598,大學以上,25,32,59,64,70
S1599,大學以上,29,31,55,60,70
S1600,大學以上,31,37,56,67,67
S1601,專科以下,24,32,43,59,62
S1602,大學以上,24,32,54,61,62
S1603,大學以上,27,34,58,63,69
S1604,專科以下,27,34,58,58,75
S1605,大學以上,26,34,60,59,70
S1606,大學以上,24,28,33,51,43
S1607,大學以上,33,34,52,62,62
S1608,大學以上,25,32,58,62,65
S1609,專科以下,22,34,48,52,67
S1610,大學以上,22,28,40,51,61
S1611,大學以上,25,29,45,54,61
S1612,大學以上,28,33,60,59,69
S1613,專科以下,32,32,60,59,71
S1614,大學以上,25,33,56,56,62
S1615,大學以上,24,28,56,53,75
S1616,大學以上,22,32,57,62,72
S1617,大學以上,28,34,57,64,71
S1618,專科以下,23,30,47,60,59
S1619,專科以下,23,34,58,58,68
S1620,大學以上,29,36,54,69,78
S1621,專科以下,23,27,34,46,58
S1622,大學以上,28,34,57,60,61
S1623,專科以下,26,29,51,58,63
S1624,專科以下,29,32,46,46,56
S1625,專科以下,21,31,49,63,78
S1626,大學以上,24,31,53,54,63
S1627,大學以上,25,32,52,67,73
S1628,專科以下,24,26,49,55,56
S1629,專科以下,26,34,58,63,65
S1630,大學以上,25,33,50,61,68
S1631,專科以下,29,34,56,59,60
S1632,大學以上,28,35,65,65,68
S1633,專科以下,28,35,55,60,66
S1634,大學以上,22,35,60,63,62
S1635,專科以下,25,31,34,49,57
S1636,專科以下,26,31,43,59,65
S1637,大學以上,24,35,50,50,62
S1638,大學以上,23,29,50,56,67
S1639,專科以下,26,34,55,57,64
S1640,大學以上,28,33,52,64,74
S1641,大學以上,24,33,55,64,74
S1642,大學以上,25,30,50,59,75
S1643,專科以下,23,33,51,59,58
S1644,大學以上,25,25,45,59,64
S1645,大學以上,24,34,55,58,76
S1646,大學以上,29,31,58,65,63
S1647,大學以上,23,35,57,63,70
S1648,專科以下,23,31,52,55,69
S1649,大學以上,22,31,61,64,71
S1650,大學以上,27,32,55,61,68
S1651,專科以下,26,30,48,59,67
S1652,專科以下,23,32,57,60,69
S1653,大學以上,24,32,55,58,69
S1654,大學以上,24,33,51,57,64
S1655,大學以上,26,30,54,59,68
S1656,大學以上,29,21,41,51,55
S1657,專科以下,32,35,55,51,64
S1658,專科以下,32,36,59,62,66
S1659,專科以下,26,35,57,63,64
S1660,專科以下,32,33,57,58,66
S1661,大學以上,24,31,54,58,62
S1662,大學以上,23,29,41,53,74
S1663,大學以上,27,29,53,60,67
S1664,大學以上,26,29,50,58,73
S1665,專科以下,35,38,56,65,68
S1666,大學以上,25,30,56,59,59
S1667,專科以下,26,32,54,58,61
S1668,大學以上,26,35,53,61,62
S1669,大學以上,26,37,58,61,68
S1670,大學以上,25,28,47,58,60
S1671,專科以下,30,36,56,57,58
S1672,大學以上,27,34,56,62,69
S1673,專科以下,27,34,52,61,65
S1674,大學以上,27,33,56,62,71
S1675,專科以下,23,32,51,58,62
S1676,大學以上,26,30,57,57,63
S1677,大學以上,23,29,48,60,60
S1678,大學以上,25,31,51,57,61
S1679,專科以下,27,36,59,61,68
S1680,大學以上,25,31,54,61,66
S1681,大學以上,29,26,49,63,61
S1682,大學以上,24,32,57,58,65
S1683,專科以下,26,30,46,54,66
S1684,專科以下,22,26,45,42,56
S1685,專科以下,27,34,56,59,61
S1686,大學以上,23,24,32,48,56
S1687,大學以上,28,31,55,64,72
S1688,大學以上,25,32,60,66,77
S1689,大學以上,28,36,57,63,71
S1690,大學以上,30,25,59,61,68
S1691,專科以下,24,34,51,56,65
S1692,大學以上,32,32,58,65,76
S1693,大學以上,26,33,56,63,72
S1694,大學以上,27,35,55,58,68
S1695,大學以上,23,27,54,57,63
S1696,大學以上,35,37,61,60,74
S1697,大學以上,22,27,47,49,54
S1698,大學以上,30,29,58,61,62
S1699,大學以上,25,34,58,61,69
S1700,大學以上,32,34,57,57,69
S1701,大學以上,25,27,43,47,65
S1702,大學以上,22,27,45,58,67
S1703,大學以上,30,36,59,65,66
S1704,大學以上,25,26,52,54,63
S1705,大學以上,26,33,54,56,63
S1706,專科以下,27,30,44,45,56
S1707,大學以上,28,30,59,64,67
S1708,大學以上,30,36,47,56,64
S1709,專科以下,23,26,48,57,63
S1710,大學以上,23,31,52,54,69
S1711,專科以下,25,30,52,57,69
S1712,專科以下,25,29,45,57,62
S1713,專科以下,25,31,42,54,57
S1714,專科以下,25,29,46,60,67
S1715,大學以上,21,30,50,62,71
S1716,大學以上,34,36,57,61,71
S1717,專科以下,21,26,49,59,58
S1718,專科以下,23,31,48,42,59
S1719,專科以下,27,34,61,66,69
S1720,大學以上,24,32,54,60,63
S1721,專科以下,25,30,42,50,55
S1722,大學以上,23,26,59,66,58
S1723,專科以下,30,30,42,57,61
S1724,大學以上,25,28,59,62,68
S1725,大學以上,29,37,58,62,65
S1726,專科以下,27,30,51,57,56
S1727,專科以下,24,32,45,40,51
S1728,大學以上,32,32,55,63,80
S1729,專科以下,21,22,37,53,62
S1730,大學以上,22,29,50,56,66
S1731,大學以上,23,29,39,59,68
S1732,大學以上,25,28,45,57,68
S1733,大學以上,28,29,46,53,62
S1734,專科以下,24,24,46,51,61
S1735,專科以下,24,37,56,59,61
S1736,大學以上,25,31,56,57,62
S1737,專科以下,21,24,40,55,63
S1738,大學以上,30,35,57,64,67
S1739,專科以下,26,33,52,56,57
S1740,大學以上,21,32,41,58,61
S1741,大學以上,28,30,47,53,67
S1742,專科以下,30,36,50,64,69
S1743,大學以上,22,24,47,58,67
S1744,大學以上,22,35,59,60,66
S1745,大學以上,31,32,58,58,74
S1746,大學以上,26,36,58,59,59
S1747,專科以下,27,36,64,67,75
S1748,大學以上,24,30,56,61,62
S1749,大學以上,23,28,51,60,68
S1750,大學以上,31,31,57,59,66
S1751,大學以上,21,26,51,57,64
S1752,專科以下,31,34,56,66,71
S1753,專科以下,23,28,56,60,72
S1754,大學以上,25,34,55,55,59
S1755,大學以上,22,29,42,47,50
S1756,專科以下,23,36,51,57,61
S1757,大學以上,25,32,61,64,71
S1758,大學以上,25,30,55,70,78
S1759,大學以上,30,35,48,65,79
S1760,大學以上,25,30,44,58,71
S1761,大學以上,25,32,54,59,72
S1762,大學以上,26,30,55,65,64
S1763,大學以上,34,37,59,71,76
S1764,專科以下,21,30,49,58,64
S1765,大學以上,22,35,48,53,61
S1766,大學以上,23,27,51,59,65
S1767,大學以上,23,26,53,57,57
S1768,專科以下,35,33,58,62,66
S1769,大學以上,24,29,57,64,79
S1770,大學以上,31,32,45,57,62
S1771,專科以下,22,34,55,63,68
S1772,大學以上,22,34,59,80,64
S1773,大學以上,23,30,46,57,61
S1774,大學以上,25,31,52,58,75
S1775,專科以下,25,29,60,55,65
S1776,專科以下,23,27,51,59,60
S1777,大學以上,27,28,50,61,66
S1778,大學以上,28,38,57,61,64
S1779,大學以上,27,34,54,62,66
S1780,大學以上,25,24,62,80,62
S1781,大學以上,31,33,53,59,67
S1782,專科以下,22,28,45,49,64
S1783,專科以下,25,29,55,65,75
S1784,大學以上,28,36,58,63,71
S1785,大學以上,27,31,46,61,66
S1786,大學以上,31,32,57,57,77
S1787,大學以上,31,30,49,56,63
S1788,專科以下,30,30,56,58,68
S1789,專科以下,24,30,53,55,72
S1790,大學以上,22,35,55,61,80
S1791,大學以上,23,36,53,62,74
S1792,大學以上,20,36,57,61,64
S1793,大學以上,29,33,50,57,71
S1794,大學以上,29,31,45,57,62
S1795,大學以上,23,32,55,60,72
S1796,大學以上,21,26,41,59,61
S1797,專科以下,25,31,54,63,71
S1798,大學以上,26,30,47,55,69
S1799,專科以下,24,32,57,57,68
S1800,專科以下,34,35,56,60,65
S1801,專科以下,26,29,55,62,76
S1802,大學以上,27,32,52,64,70
S1803,專科以下,24,32,53,59,66
S1804,大學以上,26,34,58,74,80
S1805,大學以上,27,33,53,57,66
S1806,大學以上,28,28,51,57,60
S1807,專科以下,27,31,39,50,56
S1808,大學以上,30,32,55,59,68
S1809,專科以下,24,33,48,51,59
S1810,專科以下,23,32,51,55,68
S1811,大學以上,22,29,36,51,63
S1812,大學以上,20,27,40,62,68
S1813,大學以上,32,38,55,56,63
S1814,專科以下,32,35,55,68,80
S1815,大學以上,29,37,60,62,74
S1816,大學以上,26,29,51,55,70
S1817,大學以上,29,35,55,63,59
S1818,大學以上,22,34,53,58,78
S1819,大學以上,29,32,41,59,66
S1820,大學以上,24,30,54,57,65
S1821,大學以上,24,30,56,69,79
S1822,專科以下,25,32,58,60,62
S1823,大學以上,28,29,43,59,59
S1824,大學以上,28,34,56,58,62
S1825,大學以上,26,37,59,61,67
S1826,大學以上,23,31,53,56,80
S1827,專科以下,24,32,53,57,62
S1828,大學以上,23,28,58,56,63
S1829,大學以上,22,26,39,44,57
S1830,專科以下,22,33,55,62,70
S1831,大學以上,32,34,53,53,64
S1832,專科以下,30,35,60,61,70
S1833,大學以上,27,34,53,68,78
S1834,專科以下,24,28,41,56,60
S1835,大學以上,26,32,48,57,61
S1836,專科以下,25,31,51,58,54
S1837,專科以下,33,35,50,55,63
S1838,專科以下,25,35,59,61,68
S1839,專科以下,24,36,55,57,59
S1840,大學以上,22,28,60,65,76
S1841,大學以上,26,31,44,61,68
S1842,大學以上,25,32,46,58,58
S1843,大學以上,22,27,55,51,63
S1844,大學以上,26,34,55,60,71
S1845,專科以下,26,33,54,59,67
S1846,大學以上,32,34,58,69,74
S1847,大學以上,31,37,59,63,77
S1848,專科以下,25,31,46,57,60
S1849,專科以下,25,30,50,54,59
S1850,大學以上,22,27,47,55,64
S1851,大學以上,27,30,50,52,62
S1852,專科以下,26,27,52,49,59
S1853,專科以下,22,29,46,54,58
S1854,大學以上,28,34,49,65,74
S1855,大學以上,25,28,41,51,55
S1856,專科以下,20,31,48,55,70
S1857,大學以上,25,30,52,54,61
S1858,專科以下,25,36,58,62,64
S1859,大學以上,24,31,59,62,76
S1860,專科以下,24,22,24,22,21
S1861,專科以下,23,28,35,48,58
S1862,專科以下,28,31,58,62,70
S1863,大學以上,23,28,57,58,67
S1864,專科以下,28,30,52,60,64
S1865,專科以下,24,31,57,62,64
S1866,大學以上,25,29,54,61,60
S1867,大學以上,27,33,51,58,67
S1868,大學以上,27,34,48,59,65
S1869,大學以上,24,31,51,57,59
S1870,大學以上,25,29,58,58,64
S1871,大學以上,22,32,54,54,57
S1872,大學以上,21,33,51,68,78
S1873,大學以上,30,32,57,64,77
S1874,大學以上,25,27,46,60,61
S1875,大學以上,24,31,48,54,69
S1876,專科以下,23,34,55,61,67
S1877,大學以上,23,27,41,56,64
S1878,大學以上,20,30,55,60,68
S1879,大學以上,29,29,48,59,60
S1880,專科以下,28,33,58,51,59
S1881,大學以上,29,34,56,65,78
S1882,大學以上,22,26,42,60,73
S1883,大學以上,32,30,59,61,61
S1884,大學以上,25,31,56,61,64
S1885,專科以下,25,25,51,50,64
S1886,大學以上,30,29,54,62,65
S1887,大學以上,25,34,57,64,67
S1888,專科以下,23,30,44,57,62
S1889,專科以下,30,35,53,64,73
S1890,專科以下,29,31,51,62,61
S1891,專科以下,25,31,56,55,57
S1892,大學以上,25,25,50,53,75
S1893,專科以下,28,32,61,70,77
S1894,專科以下,29,30,57,59,64
S1895,大學以上,27,35,62,69,68
S1896,大學以上,23,30,48,59,64
S1897,大學以上,26,31,50,59,69
S1898,大學以上,30,36,58,60,72
S1899,專科以下,20,29,56,57,61
S1900,大學以上,23,30,54,61,73
S1901,專科以下,20,31,48,56,61
S1902,大學以上,23,26,41,58,64
S1903,大學以上,22,29,41,51,59
S1904,專科以下,29,31,49,62,65
S1905,大學以上,24,32,53,60,65
S1906,專科以下,32,36,52,59,74
S1907,大學以上,26,32,49,57,62
S1908,專科以下,25,32,53,56,58
S1909,大學以上,23,34,45,58,71
S1910,大學以上,27,35,51,60,73
S1911,大學以上,29,33,55,67,76
S1912,大學以上,23,32,47,56,65
S1913,大學以上,26,31,56,62,71
S1914,大學以上,36,36,63,70,73
S1915,大學以上,26,33,55,61,64
S1916,大學以上,23,31,46,53,56
S1917,大學以上,21,32,57,59,65
S1918,專科以下,32,35,56,61,64
S1919,大學以上,22,29,48,64,67
S1920,大學以上,29,35,57,63,62
S1921,大學以上,28,34,43,63,65
S1922,大學以上,25,25,48,54,66
S1923,專科以下,27,34,57,55,59
S1924,專科以下,27,34,58,59,66
S1925,專科以下,24,30,50,56,60
S1926,大學以上,28,33,53,58,59
S1927,專科以下,32,32,45,54,65
S1928,大學以上,29,32,55,65,70
S1929,大學以上,24,29,55,59,61
S1930,專科以下,26,37,53,62,65
S1931,大學以上,24,25,40,55,58
S1932,專科以下,22,32,51,55,60
S1933,大學以上,28,28,50,59,63
S1934,大學以上,22,28,51,61,72
S1935,大學以上,20,30,53,59,65
S1936,專科以下,24,30,51,55,59
S1937,大學以上,22,25,53,60,73
S1938,大學以上,22,25,57,53,57
S1939,專科以下,30,28,51,58,64
S1940,專科以下,29,32,56,60,68
S1941,大學以上,30,32,57,54,61
S1942,大學以上,29,35,62,62,72
S1943,專科以下,28,35,56,58,62
S1944,大學以上,26,29,49,59,61
S1945,大學以上,27,35,60,67,67
S1946,專科以下,26,32,52,61,64
S1947,大學以上,28,31,57,63,66
S1948,大學以上,31,38,59,64,76
S1949,專科以下,22,35,55,63,66
S1950,大學以上,27,34,54,59,63
S1951,專科以下,25,29,49,65,70
S1952,大學以上,23,26,50,60,62
S1953,大學以上,26,29,55,61,69
S1954,大學以上,25,31,57,63,63
S1955,大學以上,26,32,46,58,63
S1956,專科以下,24,28,40,58,64
S1957,大學以上,23,31,59,61,71
S1958,大學以上,30,35,56,61,71
S1959,專科以下,20,29,51,51,60
S1960,大學以上,26,32,58,62,77
S1961,專科以下,25,33,54,58,65
S1962,專科以下,22,27,34,45,57
S1963,大學以上,24,30,59,62,72
S1964,專科以下,23,31,44,40,50
S1965,大學以上,27,31,53,63,66
S1966,專科以下,22,23,58,61,75
S1967,大學以上,35,31,57,49,67
S1968,大學以上,25,31,59,60,65
S1969,大學以上,23,29,56,59,67
S1970,專科以下,27,29,57,59,63
S1971,大學以上,24,34,56,65,69
S1972,大學以上,21,30,33,55,44
S1973,大學以上,28,34,52,61,63
S1974,專科以下,24,32,58,60,62
S1975,大學以上,27,35,56,58,66
S1976,大學以上,24,31,48,62,67
S1977,大學以上,27,31,52,57,63
S1978,專科以下,24,28,44,57,58
S1979,大學以上,25,32,50,57,67
S1980,專科以下,29,36,59,63,73
S1981,大學以上,27,32,52,61,72
S1982,專科以下,20,32,54,60,67
S1983,大學以上,22,34,60,66,72
S1984,大學以上,27,28,46,51,73
S1985,專科以下,25,28,51,54,65
S1986,專科以下,33,34,57,61,72
S1987,專科以下,23,29,49,51,63
S1988,大學以上,27,33,54,58,67
S1989,專科以下,22,32,55,58,69
S1990,大學以上,26,32,52,60,68
S1991,大學以上,27,31,54,61,68
S1992,專科以下,32,37,59,63,73
S1993,專科以下,31,35,58,59,62
S1994,大學以上,20,25,42,43,51
S1995,大學以上,28,33,58,63,72
S1996,大學以上,27,31,54,62,63
S1997,專科以下,23,30,48,61,73
S1998,大學以上,28,34,58,68,73
S1999,專科以下,25,34,54,57,61
S2000,專科以下,25,31,53,56,59
S2001,專科以下,29,32,54,64,73
S2002,大學以上,23,32,59,55,61
S2003,大學以上,27,31,54,62,62
S2004,專科以下,33,30,49,57,79
S2005,專科以下,32,34,58,65,64
S2006,大學以上,27,31,46,57,71
S2007,專科以下,22,27,51,65,64
S2008,大學以上,21,28,41,61,71
S2009,專科以下,21,28,47,61,70
S2010,大學以上,28,33,59,61,71
S2011,大學以上,22,27,48,59,67
S2012,大學以上,24,29,53,61,79
S2013,大學以上,26,31,54,64,68
S2014,專科以下,23,33,56,59,74
S2015,大學以上,25,30,46,66,80
S2016,大學以上,28,33,54,61,68
S2017,大學以上,22,27,42,50,57
S2018,專科以下,23,26,51,55,71
S2019,專科以下,26,28,46,60,60
S2020,大學以上,25,33,48,62,75
S2021,大學以上,26,33,55,65,72
S2022,大學以上,29,34,59,64,71
S2023,大學以上,26,33,52,62,76
S2024,大學以上,22,28,52,61,65
S2025,大學以上,24,34,59,61,71
S2026,大學以上,25,27,40,54,62
S2027,大學以上,23,30,53,56,58
S2028,大學以上,23,30,58,63,75
S2029,專科以下,23,31,42,52,59
S2030,大學以上,28,33,56,59,68
S2031,大學以上,22,25,47,59,67
S2032,大學以上,22,27,46,57,65
S2033,大學以上,28,32,58,63,64
S2034,大學以上,24,32,54,63,70
S2035,大學以上,30,38,62,65,68
S2036,大學以上,27,32,55,63,68
S2037,專科以下,24,29,56,62,65
S2038,大學以上,35,34,57,55,67
S2039,大學以上,26,34,57,58,78
S2040,專科以下,26,30,46,52,55
S2041,專科以下,29,35,56,65,71
S2042,專科以下,27,35,49,61,64
S2043,大學以上,27,34,56,59,74
S2044,大學以上,25,31,44,61,68
S2045,大學以上,28,31,56,67,72
S2046,大學以上,23,26,50,56,59
S2047,專科以下,28,36,50,57,54
S2048,大學以上,29,29,44,65,65
S2049,大學以上,27,32,62,65,72
S2050,大學以上,24,32,53,58,75
S2051,大學以上,24,30,47,64,66
S2052,大學以上,25,30,43,54,60
S2053,大學以上,22,33,55,76,80
S2054,大學以上,23,29,55,64,72
S2055,大學以上,21,34,59,69,77
S2056,大學以上,27,32,56,61,65
S2057,大學以上,29,36,59,59,72
S2058,大學以上,26,31,47,59,71
S2059,大學以上,30,32,45,54,65
S2060,大學以上,24,27,50,59,64
S2061,大學以上,27,30,44,56,64
S2062,專科以下,23,32,54,62,66
S2063,專科以下,28,33,53,52,51
S2064,大學以上,23,32,51,65,72
S2065,大學以上,22,32,53,65,66
S2066,大學以上,26,33,51,60,66
S2067,大學以上,32,32,57,59,63
S2068,大學以上,28,35,50,59,71
S2069,大學以上,31,35,61,64,73
S2070,大學以上,23,32,58,72,74
S2071,專科以下,23,30,56,60,71
S2072,專科以下,22,26,47,54,61
S2073,專科以下,25,31,54,59,66
S2074,專科以下,31,36,56,58,58
S2075,大學以上,22,29,48,57,71
S2076,大學以上,27,33,51,55,60
S2077,大學以上,25,29,46,75,74
S2078,專科以下,26,29,47,58,60
S2079,專科以下,25,33,54,60,61
S2080,大學以上,29,33,53,58,78
S2081,大學以上,26,32,57,63,65
S2082,專科以下,32,34,57,60,61
S2083,大學以上,24,37,59,57,71
S2084,專科以下,28,32,56,61,60
S2085,專科以下,29,33,57,65,60
S2086,大學以上,23,32,46,58,65
S2087,大學以上,24,35,52,55,66
S2088,大學以上,28,30,56,59,70
S2089,專科以下,24,34,58,60,70
S2090,大學以上,25,26,44,61,73
S2091,專科以下,27,34,49,59,73
S2092,大學以上,30,33,59,60,79
S2093,大學以上,28,33,60,65,67
S2094,專科以下,29,35,59,64,80
S2095,大學以上,27,30,59,66,66
S2096,大學以上,24,28,56,62,64
S2097,大學以上,23,33,49,57,61
S2098,大學以上,20,27,44,58,68
S2099,大學以上,33,34,59,56,59
S2100,專科以下,24,25,32,48,54
S2101,大學以上,22,32,53,55,57
S2102,大學以上,26,35,50,57,64
S2103,專科以下,32,33,52,61,62
S2104,專科以下,23,37,46,60,53
S2105,大學以上,29,32,61,65,70
S2106,大學以上,24,32,58,61,67
S2107,大學以上,24,31,43,60,68
S2108,大學以上,24,31,50,51,60
S2109,大學以上,20,27,39,47,62
S2110,大學以上,28,29,36,45,52
S2111,大學以上,23,34,51,55,66
S2112,大學以上,25,35,51,54,62
S2113,專科以下,23,33,58,62,62
S2114,專科以下,28,32,57,57,61
S2115,大學以上,26,32,57,64,69
S2116,專科以下,30,38,65,62,68
S2117,大學以上,24,31,53,63,68
S2118,專科以下,28,37,53,56,63
S2119,專科以下,22,31,53,64,65
S2120,專科以下,24,32,48,58,65
S2121,專科以下,26,27,52,60,57
S2122,大學以上,24,25,56,61,80
S2123,大學以上,27,33,52,55,65
S2124,大學以上,29,30,54,59,61
S2125,大學以上,26,33,53,66,68
S2126,大學以上,29,34,58,59,73
S2127,專科以下,25,32,54,59,57
S2128,大學以上,25,30,43,56,63
S2129,大學以上,24,31,49,57,62
S2130,大學以上,26,31,51,54,61
S2131,大學以上,28,35,56,77,80
S2132,大學以上,21,28,49,52,55
S2133,大學以上,24,32,58,59,71
S2134,專科以下,26,36,55,62,64
S2135,大學以上,28,33,50,56,65
S2136,專科以下,25,26,46,58,69
S2137,大學以上,25,34,59,60,67
S2138,專科以下,23,33,51,57,59
S2139,大學以上,23,29,51,60,57
S2140,大學以上,34,36,57,59,60
S2141,專科以下,22,31,59,62,67
S2142,大學以上,26,32,48,60,66
S2143,大學以上,30,31,41,54,54
S2144,專科以下,22,28,52,59,60
S2145,大學以上,23,31,42,58,63
S2146,大學以上,25,28,48,57,63
S2147,大學以上,25,33,53,61,66
S2148,大學以上,27,33,59,60,61
S2149,專科以下,23,25,43,48,61
S2150,大學以上,27,32,57,62,62
S2151,大學以上,23,27,51,55,60
S2152,大學以上,26,36,54,65,75
S2153,大學以上,31,33,56,62,71
S2154,大學以上,25,30,53,64,67
S2155,大學以上,29,31,61,66,73
S2156,大學以上,24,26,46,60,69
S2157,專科以下,26,31,55,60,58
S2158,大學以上,20,29,51,56,67
S2159,專科以下,26,34,46,50,66
S2160,專科以下,33,34,56,57,65
S2161,大學以上,29,31,46,54,71
S2162,大學以上,22,28,51,69,75
S2163,大學以上,23,29,60,62,78
S2164,大學以上,24,30,48,57,66
S2165,大學以上,24,33,58,52,62
S2166,大學以上,23,31,57,60,73
S2167,專科以下,23,35,55,61,73
S2168,專科以下,25,29,44,47,55
S2169,大學以上,32,38,58,60,69
S2170,專科以下,25,35,50,55,62
S2171,專科以下,24,29,54,61,62
S2172,專科以下,23,28,47,51,65
S2173,專科以下,28,38,62,61,80
S2174,大學以上,26,33,54,58,66
S2175,大學以上,23,38,55,61,65
S2176,大學以上,24,34,59,69,74
S2177,大學以上,24,30,50,55,59
S2178,大學以上,26,32,52,68,68
S2179,大學以上,30,33,59,59,68
S2180,專科以下,24,25,52,55,59
S2181,專科以下,27,35,56,61,61
S2182,大學以上,22,26,43,52,60
S2183,大學以上,22,26,56,59,76
S2184,專科以下,25,23,49,70,69
S2185,大學以上,31,31,48,59,70
S2186,大學以上,25,29,50,57,64
S2187,專科以下,23,30,50,56,62
S2188,專科以下,21,32,51,58,59
S2189,專科以下,34,33,54,62,68
S2190,專科以下,26,32,57,65,72
S2191,專科以下,24,28,42,55,79
S2192,大學以上,26,32,52,57,67
S2193,大學以上,25,32,42,60,65
S2194,大學以上,24,28,48,59,65
S2195,大學以上,26,32,46,52,67
S2196,專科以下,27,34,50,57,62
S2197,專科以下,26,33,55,63,63
S2198,大學以上,29,36,42,58,72
S2199,大學以上,26,31,56,63,72
S2200,大學以上,26,33,51,54,71
S2201,專科以下,27,31,48,60,61
S2202,專科以下,24,31,47,57,61
S2203,專科以下,23,30,53,59,66
S2204,大學以上,31,37,60,63,73
S2205,大學以上,26,29,60,59,63
S2206,大學以上,23,29,42,55,69
S2207,大學以上,20,24,47,57,74
S2208,大學以上,23,30,61,71,79
S2209,大學以上,26,30,53,61,71
S2210,大學以上,28,31,45,54,70
S2211,大學以上,30,35,53,56,62
S2212,專科以下,21,32,46,55,62
S2213,大學以上,27,37,46,54,66
S2214,專科以下,28,35,44,59,62
S2215,大學以上,32,32,57,63,68
S2216,大學以上,24,31,48,64,66
S2217,專科以下,27,35,57,63,69
S2218,大學以上,27,30,45,59,70
S2219,專科以下,23,27,42,51,64
S2220,大學以上,26,29,48,62,64
S2221,大學以上,27,37,57,56,61
S2222,大學以上,24,28,50,59,70
S2223,大學以上,23,31,55,61,62
S2224,專科以下,22,32,60,64,72
S2225,大學以上,25,35,59,63,75
S2226,專科以下,28,33,53,58,62
S2227,大學以上,35,31,55,61,63
S2228,大學以上,32,34,57,57,63
S2229,專科以下,25,33,46,61,71
S2230,大學以上,24,31,56,57,71
S2231,大學以上,25,30,42,55,64
S2232,大學以上,28,38,59,62,63
S2233,專科以下,27,31,56,60,62
S2234,大學以上,27,33,59,58,69
S2235,專科以下,30,32,50,60,73
S2236,專科以下,21,32,57,61,71
S2237,大學以上,23,28,41,53,57
S2238,大學以上,24,28,52,60,65
S2239,專科以下,25,30,57,64,64
S2240,專科以下,25,33,55,62,72
S2241,專科以下,20,26,57,60,71
S2242,大學以上,27,32,54,69,79
S2243,專科以下,20,36,59,73,80
S2244,專科以下,29,34,53,57,59
S2245,大學以上,25,28,39,51,61
S2246,大學以上,27,35,53,61,63
S2247,大學以上,22,32,55,59,73
S2248,大學以上,32,36,56,62,64
S2249,大學以上,29,28,52,58,63
S2250,大學以上,23,28,48,57,64
S2251,大學以上,21,23,45,54,57
S2252,專科以下,24,31,56,58,62
S2253,專科以下,25,31,31,53,53
S2254,大學以上,30,28,46,59,70
S2255,大學以上,28,32,50,60,64
S2256,大學以上,22,36,49,55,69
S2257,大學以上,30,35,46,52,65
S2258,大學以上,20,32,38,56,57
S2259,大學以上,33,35,56,62,68
S2260,大學以上,26,35,53,50,65
S2261,大學以上,29,29,47,63,61
S2262,大學以上,27,34,54,60,75
S2263,專科以下,27,31,40,52,58
S2264,大學以上,25,28,48,58,73
S2265,大學以上,22,32,49,59,73
S2266,大學以上,20,27,37,51,58
S2267,專科以下,27,36,51,55,72
S2268,大學以上,21,29,53,59,60
S2269,大學以上,30,34,55,58,71
S2270,專科以下,28,30,59,61,74
S2271,大學以上,30,33,52,61,66
S2272,大學以上,22,26,35,55,60
S2273,專科以下,30,35,58,57,63
S2274,大學以上,22,32,53,52,60
S2275,大學以上,32,35,59,71,79
S2276,專科以下,23,24,44,60,63
S2277,大學以上,27,34,55,61,69
S2278,大學以上,34,36,59,60,64
S2279,專科以下,30,33,56,62,75
S2280,大學以上,26,34,55,60,58
S2281,大學以上,25,33,59,62,67
S2282,大學以上,23,32,49,57,62
S2283,大學以上,26,33,54,63,68
S2284,大學以上,26,32,57,64,69
S2285,專科以下,23,31,39,58,57
S2286,大學以上,25,30,48,67,73
S2287,大學以上,25,29,54,63,72
S2288,大學以上,26,34,55,69,77
S2289,大學以上,28,35,57,62,70
S2290,專科以下,22,30,46,62,65
S2291,專科以下,26,30,59,61,63
S2292,專科以下,24,33,56,57,63
S2293,大學以上,26,32,43,57,60
S2294,大學以上,29,30,55,59,63
S2295,專科以下,30,35,54,59,62
S2296,大學以上,26,35,54,67,76
S2297,大學以上,23,32,52,65,79
S2298,專科以下,28,35,59,63,64
S2299,大學以上,27,35,52,60,62
S2300,大學以上,25,27,59,65,75
S2301,大學以上,30,37,56,62,77
S2302,大學以上,23,32,40,55,53
S2303,大學以上,23,30,44,59,59
S2304,大學以上,24,24,47,56,69
S2305,大學以上,31,29,46,50,71
S2306,大學以上,23,32,35,64,60
S2307,大學以上,32,34,53,61,79
S2308,大學以上,26,29,57,58,66
S2309,大學以上,27,35,55,59,77
S2310,大學以上,23,34,50,56,63
S2311,大學以上,26,32,53,58,71
S2312,大學以上,22,30,40,57,60
S2313,專科以下,21,27,44,51,59
S2314,大學以上,30,32,56,62,68
S2315,專科以下,25,28,54,60,73
S2316,大學以上,22,30,45,54,67
S2317,專科以下,33,33,64,60,72
S2318,專科以下,26,36,45,59,69
S2319,大學以上,30,36,56,59,64
S2320,大學以上,29,38,53,65,66
S2321,大學以上,28,30,44,63,68
S2322,專科以下,27,31,54,59,60
S2323,大學以上,25,34,59,58,70
S2324,大學以上,23,30,49,56,67
S2325,大學以上,28,32,44,57,62
S2326,大學以上,25,33,52,59,62
S2327,大學以上,24,25,41,57,61
S2328,專科以下,32,29,55,62,67
S2329,專科以下,25,27,37,44,55
S2330,大學以上,26,29,53,60,78
S2331,專科以下,20,29,54,61,69
S2332,大學以上,23,31,57,59,68
S2333,大學以上,36,38,59,62,64
S2334,大學以上,24,34,55,58,62
S2335,大學以上,22,28,43,68,77
S2336,專科以下,24,32,57,66,76
S2337,專科以下,29,34,58,64,67
S2338,大學以上,27,33,35,61,61
S2339,專科以下,24,30,57,58,66
S2340,大學以上,26,29,50,58,67
S2341,大學以上,25,28,48,58,63
S2342,大學以上,26,28,44,58,59
S2343,大學以上,20,23,53,62,77
S2344,大學以上,29,35,50,56,71
S2345,專科以下,25,31,52,56,56
S2346,大學以上,23,28,45,53,71
S2347,大學以上,27,30,45,60,67
S2348,專科以下,22,35,54,60,69
S2349,大學以上,24,32,45,59,59
S2350,大學以上,23,34,55,63,72
S2351,大學以上,25,29,39,55,64
S2352,專科以下,21,36,53,58,66
S2353,專科以下,30,32,53,57,61
S2354,大學以上,28,34,50,63,73
S2355,大學以上,22,28,55,62,70
S2356,專科以下,27,33,54,59,63
S2357,專科以下,28,35,59,60,66
S2358,專科以下,25,28,46,61,69
S2359,大學以上,22,28,54,60,62
S2360,專科以下,29,34,50,57,58
S2361,大學以上,23,29,50,59,70
S2362,專科以下,28,30,53,57,59
S2363,專科以下,26,25,48,58,74
S2364,大學以上,29,34,61,65,72
S2365,專科以下,22,27,27,42,62
S2366,大學以上,22,36,54,58,60
S2367,大學以上,23,29,46,53,51
S2368,大學以上,28,32,59,64,66
S2369,專科以下,23,29,31,54,53
S2370,專科以下,22,37,48,59,64
S2371,專科以下,24,32,55,61,66
S2372,專科以下,22,28,47,57,64
S2373,大學以上,21,28,49,57,73
S2374,大學以上,26,32,53,56,51
S2375,專科以下,23,27,45,56,61
S2376,大學以上,22,33,39,55,62
S2377,大學以上,31,38,60,65,71
S2378,專科以下,28,29,43,58,65
S2379,專科以下,28,29,44,53,66
S2380,專科以下,25,29,52,57,64
S2381,大學以上,25,30,57,58,62
S2382,大學以上,25,36,47,62,70
S2383,大學以上,25,28,50,61,65
S2384,大學以上,22,29,41,59,64
S2385,專科以下,28,34,59,55,60
S2386,專科以下,22,29,47,48,49
S2387,大學以上,30,32,46,56,59
S2388,大學以上,26,32,45,56,65
S2389,大學以上,28,28,53,60,68
S2390,專科以下,22,29,36,52,53
S2391,大學以上,25,35,50,60,73
S2392,大學以上,21,33,49,60,73
S2393,大學以上,31,32,58,59,66
S2394,大學以上,25,32,44,51,61
S2395,專科以下,22,28,49,57,62
S2396,大學以上,25,28,61,63,69
S2397,大學以上,22,27,50,59,69
S2398,大學以上,24,32,55,60,78
S2399,大學以上,25,30,56,58,64
S2400,專科以下,29,32,52,62,62
S2401,大學以上,24,31,46,57,59
S2402,大學以上,22,33,54,73,75
S2403,大學以上,20,28,57,71,80
S2404,專科以下,29,35,54,61,66
S2405,大學以上,31,32,61,68,74
S2406,專科以下,31,34,58,65,76
S2407,專科以下,34,37,59,71,80
S2408,大學以上,28,29,59,68,65
S2409,大學以上,23,27,49,55,68
S2410,專科以下,23,25,44,58,62
S2411,大學以上,29,31,59,64,68
S2412,大學以上,22,32,57,63,73
S2413,大學以上,35,33,55,66,74
S2414,大學以上,26,30,53,60,64
S2415,大學以上,29,34,54,59,61
S2416,大學以上,26,30,55,59,75
S2417,專科以下,26,37,49,61,66
S2418,專科以下,26,33,54,56,58
S2419,大學以上,24,32,62,64,77
S2420,大學以上,32,35,57,60,66
S2421,專科以下,30,27,58,66,69
S2422,大學以上,26,31,48,58,61
S2423,專科以下,24,30,48,55,68
S2424,專科以下,28,31,55,66,72
S2425,大學以上,23,33,48,59,74
S2426,大學以上,27,28,50,61,66
S2427,專科以下,24,32,51,65,75
S2428,大學以上,28,36,59,59,69
S2429,大學以上,25,35,59,62,66
S2430,專科以下,22,31,50,58,67
S2431,大學以上,28,38,58,62,69
S2432,大學以上,25,28,42,51,57
S2433,大學以上,28,36,59,61,73
S2434,專科以下,22,28,53,58,68
S2435,大學以上,25,30,41,56,58
S2436,大學以上,22,33,58,63,65
S2437,大學以上,30,31,50,57,68
S2438,大學以上,27,29,59,64,70
S2439,專科以下,24,33,46,53,60
S2440,大學以上,28,33,55,59,65
S2441,專科以下,32,38,59,62,62
S2442,大學以上,22,31,57,60,78
S2443,大學以上,24,33,51,62,62
S2444,大學以上,24,34,53,59,62
S2445,大學以上,25,31,46,62,65
S2446,大學以上,31,31,57,60,73
S2447,大學以上,36,36,58,64,69
S2448,專科以下,25,35,59,53,59
S2449,專科以下,26,31,47,58,62
S2450,大學以上,22,28,55,62,61
S2451,大學以上,29,33,51,63,66
S2452,大學以上,25,33,51,66,79
S2453,大學以上,29,32,60,58,68
S2454,大學以上,25,30,56,60,60
S2455,大學以上,25,30,53,60,65
S2456,大學以上,26,31,41,47,60
S2457,大學以上,31,34,58,65,70
S2458,專科以下,31,32,59,68,69
S2459,專科以下,28,34,49,69,75
S2460,大學以上,25,32,56,57,57
S2461,大學以上,23,33,55,61,64
S2462,大學以上,29,34,55,60,71
S2463,大學以上,25,32,47,56,69
S2464,大學以上,24,29,53,60,66
S2465,大學以上,24,28,50,60,72
S2466,專科以下,26,31,47,56,61
S2467,大學以上,28,36,59,63,67
S2468,大學以上,28,31,53,66,73
S2469,專科以下,31,37,59,64,69
S2470,大學以上,22,29,49,61,68
S2471,大學以上,24,34,60,63,75
S2472,專科以下,31,32,57,56,61
S2473,大學以上,29,34,54,67,74
S2474,大學以上,30,32,55,59,60
S2475,專科以下,24,27,53,60,60
S2476,專科以下,20,36,33,61,65
S2477,專科以下,26,31,50,51,48
S2478,大學以上,23,28,47,66,79
S2479,大學以上,26,34,49,54,72
S2480,大學以上,21,32,52,59,61
S2481,大學以上,24,32,56,60,72
S2482,專科以下,26,34,56,67,77
S2483,專科以下,26,32,56,64,75
S2484,專科以下,25,29,48,55,57
S2485,大學以上,30,34,56,64,77
S2486,大學以上,31,29,48,64,67
S2487,大學以上,29,32,53,58,64
S2488,大學以上,26,35,57,62,66
S2489,專科以下,23,30,45,53,57
S2490,大學以上,23,28,53,52,57
S2491,專科以下,30,35,50,58,64
S2492,大學以上,23,30,50,54,73
S2493,大學以上,22,29,43,55,61
S2494,大學以上,25,31,45,57,59
S2495,大學以上,24,32,57,61,66
S2496,專科以下,21,30,46,56,62
S2497,專科以下,25,35,52,63,59
S2498,專科以下,26,35,48,60,66
S2499,大學以上,27,32,53,58,68
S2500,專科以下,28,32,55,61,70
S2501,大學以上,29,35,55,59,65
S2502,大學以上,29,36,55,57,70
S2503,大學以上,25,30,48,55,61
S2504,專科以下,23,33,53,60,73
S2505,大學以上,26,33,56,58,71
S2506,專科以下,21,27,56,61,63
S2507,大學以上,26,31,51,56,70
S2508,專科以下,27,34,58,62,63
S2509,大學以上,32,34,52,61,63
S2510,大學以上,21,28,53,63,73
S2511,大學以上,27,33,52,64,71
S2512,專科以下,24,35,48,62,75
S2513,專科以下,30,34,53,61,65
S2514,大學以上,23,30,50,58,66
S2515,大學以上,25,35,52,57,60
S2516,大學以上,28,31,46,61,72
S2517,大學以上,24,30,51,50,56
S2518,大學以上,29,31,58,70,74
S2519,大學以上,25,32,58,59,78
S2520,大學以上,29,31,56,66,74
S2521,大學以上,30,33,47,51,64
S2522,大學以上,31,35,54,60,70
S2523,大學以上,24,31,50,59,64
S2524,專科以下,32,32,53,62,62
S2525,大學以上,32,36,54,59,60
S2526,大學以上,25,31,62,67,77
S2527,大學以上,25,28,49,49,57
S2528,大學以上,26,26,42,51,54
S2529,大學以上,33,37,51,60,63
S2530,專科以下,25,34,53,64,67
S2531,大學以上,24,33,56,64,70
S2532,專科以下,22,27,41,52,67
S2533,大學以上,25,29,55,59,66
S2534,大學以上,34,37,63,72,80
S2535,大學以上,22,24,46,61,62
S2536,大學以上,25,32,54,53,64
S2537,大學以上,22,30,49,59,66
S2538,大學以上,20,33,50,59,63
S2539,專科以下,28,35,58,62,61
S2540,專科以下,29,33,56,56,63
S2541,專科以下,28,35,50,59,63
S2542,大學以上,25,27,57,65,80
S2543,專科以下,23,29,44,54,60
S2544,大學以上,27,29,57,59,70
S2545,大學以上,24,29,46,55,56
S2546,專科以下,25,32,46,54,61
S2547,大學以上,28,31,62,61,66
S2548,大學以上,23,33,52,56,63
S2549,大學以上,28,35,55,62,74
S2550,專科以下,27,37,57,60,61
S2551,大學以上,30,35,57,64,65
S2552,大學以上,24,28,50,56,67
S2553,大學以上,32,35,54,68,67
S2554,大學以上,26,25,54,63,71
S2555,大學以上,21,32,53,59,69
S2556,大學以上,30,34,55,64,75
S2557,專科以下,24,32,51,60,64
S2558,專科以下,23,36,50,60,62
S2559,大學以上,26,33,49,53,57
S2560,專科以下,21,32,38,69,62
S2561,專科以下,32,35,56,66,69
S2562,大學以上,27,36,54,59,67
S2563,專科以下,23,21,37,53,55
S2564,大學以上,26,30,45,55,67
S2565,大學以上,24,36,54,59,79
S2566,大學以上,31,31,51,62,66
S2567,大學以上,26,32,55,65,67
S2568,專科以下,31,30,44,51,56
S2569,大學以上,24,32,59,62,68
S2570,大學以上,22,24,50,49,58
S2571,大學以上,28,35,47,60,59
S2572,大學以上,25,32,45,59,60
S2573,專科以下,26,35,50,60,62
S2574,大學以上,25,31,42,53,66
S2575,大學以上,30,31,57,65,70
S2576,專科以下,23,32,53,55,62
S2577,大學以上,24,26,49,61,74
S2578,大學以上,29,30,54,60,68
S2579,大學以上,27,31,56,63,73
S2580,大學以上,32,33,48,62,68
S2581,大學以上,30,37,47,57,62
S2582,專科以下,23,30,43,60,62
S2583,專科以下,25,29,44,50,66
S2584,大學以上,31,38,54,63,64
S2585,大學以上,25,33,55,62,64
S2586,專科以下,25,36,56,60,62
S2587,大學以上,28,36,52,57,76
S2588,專科以下,27,31,57,68,75
S2589,專科以下,28,35,62,66,77
S2590,大學以上,22,25,42,59,62
S2591,專科以下,28,35,46,54,56
S2592,大學以上,28,38,48,62,71
S2593,專科以下,29,29,59,58,64
S2594,大學以上,25,30,58,60,77
S2595,大學以上,29,35,57,64,67
S2596,大學以上,35,35,62,64,73
S2597,大學以上,28,33,62,64,74
S2598,大學以上,25,28,54,61,61
S2599,大學以上,24,26,32,64,77
S2600,大學以上,27,30,53,55,61
S2601,專科以下,24,30,52,51,62
S2602,大學以上,27,30,54,61,65
S2603,專科以下,23,28,48,55,60
S2604,大學以上,20,34,57,60,62
S2605,專科以下,25,26,52,61,70
S2606,專科以下,23,28,56,57,69
S2607,專科以下,22,35,58,58,60
S2608,專科以下,30,28,51,57,66
S2609,大學以上,25,29,55,62,63
S2610,專科以下,27,30,40,52,70
S2611,大學以上,28,32,58,59,68
S2612,大學以上,30,31,57,59,66
S2613,專科以下,31,35,51,59,60
S2614,大學以上,27,30,57,65,72
S2615,大學以上,26,30,50,59,67
S2616,大學以上,26,35,59,64,68
S2617,專科以下,26,30,57,65,60
S2618,大學以上,32,37,57,62,73
S2619,專科以下,22,27,49,60,70
S2620,專科以下,27,28,56,56,59
S2621,專科以下,23,31,57,51,60
S2622,大學以上,28,35,53,60,65
S2623,大學以上,25,33,53,58,60
S2624,專科以下,30,33,60,62,65
S2625,大學以上,32,33,54,62,75
S2626,大學以上,28,30,55,64,75
S2627,大學以上,23,27,37,51,63
S2628,大學以上,30,35,61,64,79
S2629,大學以上,22,29,55,63,63
S2630,專科以下,21,27,46,53,58
S2631,專科以下,23,28,40,44,56
S2632,大學以上,22,32,54,62,64
S2633,大學以上,31,34,58,64,76
S2634,專科以下,31,33,61,58,61
S2635,專科以下,28,33,53,59,60
S2636,大學以上,33,35,55,59,61
S2637,大學以上,31,34,59,66,73
S2638,專科以下,32,30,57,60,61
S2639,專科以下,31,32,53,63,62
S2640,大學以上,30,37,58,62,67
S2641,大學以上,24,33,61,62,75
S2642,大學以上,22,25,42,62,58
S2643,大學以上,26,33,52,61,67
S2644,大學以上,30,28,47,59,69
S2645,大學以上,26,32,47,60,66
S2646,大學以上,23,30,57,70,74
S2647,大學以上,25,29,42,61,71
S2648,大學以上,23,27,43,52,62
S2649,專科以下,24,26,40,42,53
S2650,大學以上,25,29,48,58,63
S2651,專科以下,32,32,51,58,59
S2652,大學以上,28,31,55,60,68
S2653,大學以上,32,35,54,65,67
S2654,大學以上,25,34,48,59,67
S2655,大學以上,34,36,59,67,73
S2656,大學以上,24,26,59,60,63
S2657,專科以下,28,34,59,64,77
S2658,大學以上,22,24,52,63,64
S2659,大學以上,26,34,52,67,75
S2660,大學以上,35,37,55,61,63
S2661,專科以下,27,28,47,54,65
S2662,大學以上,22,35,48,61,77
S2663,專科以下,28,35,53,62,68
S2664,大學以上,23,30,45,60,61
S2665,專科以下,23,29,50,55,68
S2666,專科以下,28,31,50,59,66
S2667,大學以上,24,31,54,58,59
S2668,大學以上,28,32,50,65,79
S2669,大學以上,24,34,45,64,71
S2670,專科以下,23,31,53,71,67
S2671,大學以上,23,30,54,62,69
S2672,專科以下,31,35,57,69,75
S2673,大學以上,24,30,44,65,52
S2674,大學以上,24,30,58,66,75
S2675,專科以下,22,28,41,56,54
S2676,大學以上,27,36,58,65,75
S2677,大學以上,22,28,53,60,70
S2678,專科以下,25,30,53,54,57
S2679,專科以下,24,35,44,59,62
S2680,大學以上,24,29,46,53,59
S2681,大學以上,29,30,39,49,63
S2682,大學以上,25,31,52,59,62
S2683,大學以上,26,30,40,49,58
S2684,專科以下,27,32,57,58,62
S2685,大學以上,21,31,54,61,63
S2686,大學以上,24,33,55,62,70
S2687,大學以上,32,36,54,62,75
S2688,專科以下,25,32,57,62,65
S2689,大學以上,23,27,45,53,60
S2690,大學以上,23,30,56,56,59
S2691,大學以上,27,29,53,58,72
S2692,大學以上,27,35,56,50,65
S2693,大學以上,27,32,48,56,75
S2694,大學以上,25,34,57,61,62
S2695,專科以下,26,30,50,56,66
S2696,專科以下,28,35,55,59,66
S2697,大學以上,31,34,59,63,77
S2698,大學以上,25,31,57,64,64
S2699,專科以下,20,24,56,49,57
S2700,專科以下,29,34,57,60,70
S2701,專科以下,30,32,52,63,67
S2702,專科以下,32,33,53,62,76
S2703,大學以上,29,34,51,52,55
S2704,大學以上,29,33,51,58,65
S2705,大學以上,31,32,50,56,63
S2706,大學以上,29,28,39,62,69
S2707,大學以上,24,30,43,62,61
S2708,大學以上,25,33,57,57,71
S2709,專科以下,26,29,47,55,57
S2710,專科以下,28,32,54,62,66
S2711,大學以上,23,28,61,64,66
S2712,專科以下,20,27,55,53,62
S2713,專科以下,26,34,57,60,62
S2714,大學以上,27,34,50,63,69
S2715,專科以下,26,30,59,57,69
S2716,大學以上,29,35,57,63,70
S2717,大學以上,29,31,53,62,70
S2718,專科以下,24,26,36,52,57
S2719,大學以上,29,36,60,66,77
S2720,專科以下,21,30,47,60,63
S2721,專科以下,24,26,36,48,58
S2722,大學以上,23,30,52,58,68
S2723,大學以上,29,31,51,59,66
S2724,專科以下,23,32,55,61,62
S2725,專科以下,25,29,48,57,66
S2726,大學以上,29,37,60,66,72
S2727,專科以下,25,30,55,55,63
S2728,大學以上,23,28,49,59,71
S2729,大學以上,23,29,47,58,68
S2730,大學以上,27,31,47,64,73
S2731,大學以上,25,35,57,61,73
S2732,專科以下,24,31,52,60,63
S2733,大學以上,24,32,52,64,78
S2734,專科以下,27,34,59,59,65
S2735,大學以上,29,35,59,57,68
S2736,大學以上,29,32,46,62,65
S2737,專科以下,29,31,59,64,67
S2738,大學以上,22,38,41,50,59
S2739,大學以上,28,32,55,63,75
S2740,大學以上,22,24,30,37,56
S2741,大學以上,21,31,53,58,68
S2742,大學以上,27,30,54,63,66
S2743,大學以上,21,29,57,62,74
S2744,大學以上,28,29,55,59,59
S2745,大學以上,22,34,53,59,68
S2746,大學以上,24,28,53,63,79
S2747,大學以上,30,32,56,59,71
S2748,大學以上,25,31,49,47,62
S2749,大學以上,22,30,46,60,60
S2750,專科以下,23,26,53,56,61
S2751,專科以下,27,29,54,61,68
S2752,專科以下,29,31,49,62,63
S2753,大學以上,22,26,44,53,61
S2754,大學以上,25,28,49,55,63
S2755,大學以上,20,28,51,55,63
S2756,大學以上,27,30,50,57,68
S2757,大學以上,24,27,32,56,62
S2758,大學以上,21,29,49,53,63
S2759,大學以上,28,34,50,67,75
S2760,專科以下,27,28,36,53,55
S2761,大學以上,28,30,42,54,60
S2762,專科以下,25,38,55,61,63
S2763,專科以下,25,34,55,56,64
S2764,專科以下,27,33,50,62,72
S2765,大學以上,30,28,50,57,67
S2766,大學以上,29,37,57,59,66
S2767,大學以上,27,34,54,58,65
S2768,大學以上,24,29,55,62,80
S2769,大學以上,30,31,53,56,64
S2770,專科以下,26,27,51,60,67
S2771,專科以下,26,29,41,52,55
S2772,大學以上,20,24,48,49,59
S2773,大學以上,23,32,59,56,62
S2774,專科以下,29,35,52,60,67
S2775,大學以上,28,29,48,60,62
S2776,大學以上,23,30,52,63,66
S2777,大學以上,23,30,49,57,59
S2778,大學以上,23,29,36,56,59
S2779,專科以下,24,25,50,59,62
S2780,大學以上,26,29,41,56,62
S2781,專科以下,28,37,62,50,59
S2782,大學以上,30,35,58,65,68
S2783,專科以下,22,36,55,58,61
S2784,專科以下,23,32,55,46,61
S2785,專科以下,25,29,44,54,56
S2786,大學以上,25,31,42,59,62
S2787,大學以上,32,32,45,61,80
S2788,專科以下,25,29,50,57,66
S2789,大學以上,23,30,51,58,65
S2790,大學以上,32,35,44,64,72
S2791,大學以上,24,34,58,59,69
S2792,大學以上,30,24,50,62,73
S2793,專科以下,27,35,50,58,68
S2794,大學以上,22,25,48,49,60
S2795,專科以下,24,27,43,52,57
S2796,專科以下,38,33,58,68,73
S2797,專科以下,26,30,56,58,59
S2798,大學以上,21,29,46,49,59
S2799,大學以上,29,33,52,61,61
S2800,專科以下,31,34,51,61,61
S2801,大學以上,27,31,50,55,61
S2802,大學以上,28,31,58,61,71
S2803,大學以上,27,29,61,64,76
S2804,大學以上,23,30,53,65,70
S2805,大學以上,23,29,54,62,65
S2806,大學以上,23,33,58,58,66
S2807,大學以上,21,30,52,59,67
S2808,專科以下,29,35,54,61,66
S2809,大學以上,22,34,51,65,75
S2810,大學以上,23,31,47,58,70
S2811,大學以上,30,35,59,65,73
S2812,大學以上,24,32,50,56,66
S2813,大學以上,23,34,59,68,65
S2814,大學以上,29,35,57,66,79
S2815,專科以下,27,31,62,64,66
S2816,大學以上,23,35,55,62,76
S2817,大學以上,22,35,54,67,76
S2818,大學以上,25,31,50,64,68
S2819,大學以上,31,33,55,59,67
S2820,大學以上,26,29,50,55,67
S2821,大學以上,30,29,58,63,64
S2822,大學以上,22,26,49,58,62
S2823,大學以上,21,27,52,57,62
S2824,大學以上,32,32,52,61,63
S2825,專科以下,26,30,51,55,60
S2826,大學以上,26,32,54,61,70
S2827,大學以上,26,34,49,57,71
S2828,專科以下,31,30,59,60,66
S2829,專科以下,20,31,57,62,64
S2830,大學以上,27,33,57,61,73
S2831,大學以上,23,28,43,55,55
S2832,大學以上,26,30,60,53,58
S2833,大學以上,24,29,39,54,56
S2834,專科以下,28,35,54,61,72
S2835,大學以上,26,31,49,60,72
S2836,大學以上,22,29,59,60,62
S2837,專科以下,28,31,48,58,60
S2838,大學以上,27,35,49,57,62
S2839,大學以上,28,34,57,59,64
S2840,大學以上,28,32,55,62,66
S2841,大學以上,23,33,47,61,60
S2842,大學以上,25,32,53,59,70
S2843,專科以下,30,33,51,59,58
S2844,大學以上,29,34,57,52,65
S2845,專科以下,22,29,42,56,65
S2846,專科以下,24,27,53,59,62
S2847,大學以上,29,32,42,43,62
S2848,大學以上,25,35,54,73,70
S2849,大學以上,23,28,47,55,65
S2850,大學以上,20,25,49,63,66
S2851,專科以下,23,29,48,59,57
S2852,專科以下,26,34,51,57,66
S2853,大學以上,25,34,54,60,66
S2854,專科以下,29,33,56,59,60
S2855,大學以上,29,32,56,68,73
S2856,大學以上,27,32,56,58,64
S2857,大學以上,29,31,54,57,75
S2858,大學以上,20,29,52,64,68
S2859,大學以上,24,28,56,63,62
S2860,專科以下,25,33,47,58,64
S2861,大學以上,22,29,45,63,66
S2862,大學以上,27,35,58,59,72
S2863,專科以下,27,37,50,57,60
S2864,大學以上,28,34,59,68,73
S2865,專科以下,27,29,42,55,63
S2866,專科以下,26,31,54,58,58
S2867,大學以上,25,34,57,65,78
S2868,專科以下,28,30,54,60,61
S2869,大學以上,26,31,52,51,61
S2870,大學以上,23,32,61,67,73
S2871,大學以上,25,31,58,69,80
S2872,專科以下,24,38,52,50,54
S2873,大學以上,30,31,54,59,66
S2874,大學以上,23,30,46,66,71
S2875,大學以上,25,28,53,58,64
S2876,大學以上,24,32,49,59,62
S2877,大學以上,28,31,52,62,68
S2878,大學以上,27,31,46,57,61
S2879,大學以上,29,32,51,59,63
S2880,專科以下,32,35,54,64,66
S2881,大學以上,25,32,43,54,60
S2882,大學以上,27,30,51,56,56
S2883,大學以上,27,35,58,61,68
S2884,大學以上,28,32,54,59,64
S2885,專科以下,24,36,57,67,72
S2886,專科以下,24,29,47,55,60
S2887,大學以上,29,34,46,60,69
S2888,專科以下,24,25,42,54,59
S2889,大學以上,27,29,58,62,77
S2890,大學以上,23,33,47,54,69
S2891,大學以上,28,36,63,64,65
S2892,專科以下,26,35,50,60,61
S2893,大學以上,27,37,55,68,80
S2894,大學以上,31,31,48,58,69
S2895,大學以上,24,30,59,54,66
S2896,大學以上,30,35,59,66,74
S2897,大學以上,24,37,58,60,69
S2898,專科以下,24,33,55,63,57
S2899,專科以下,25,30,51,60,62
S2900,大學以上,29,29,50,60,74
S2901,專科以下,25,34,55,60,60
S2902,大學以上,31,34,46,60,63
S2903,大學以上,28,31,51,58,66
S2904,專科以下,26,34,38,57,63
S2905,專科以下,23,31,56,61,67
S2906,大學以上,24,31,44,57,56
S2907,大學以上,29,32,58,62,60
S2908,大學以上,24,37,50,54,53
S2909,大學以上,27,31,57,62,73
S2910,大學以上,34,35,58,71,80
S2911,大學以上,28,32,63,70,77
S2912,大學以上,27,33,58,60,62
S2913,專科以下,22,32,51,64,73
S2914,專科以下,26,34,56,52,70
S2915,大學以上,27,38,59,69,75
S2916,大學以上,33,36,58,61,67
S2917,大學以上,21,28,47,58,69
S2918,專科以下,29,32,54,63,76
S2919,大學以上,28,34,55,61,78
S2920,大學以上,26,33,59,60,73
S2921,專科以下,29,34,58,61,68
S2922,專科以下,24,27,48,59,68
S2923,專科以下,31,33,54,58,73
S2924,大學以上,29,35,58,61,63
S2925,大學以上,22,31,50,60,68
S2926,專科以下,21,24,39,55,62
S2927,專科以下,24,29,56,59,60
S2928,專科以下,22,28,53,55,76
S2929,專科以下,23,34,56,58,62
S2930,專科以下,24,31,45,52,60
S2931,專科以下,26,34,45,58,56
S2932,大學以上,28,30,54,63,62
S2933,專科以下,25,30,57,59,58
S2934,專科以下,24,27,46,57,62
S2935,大學以上,23,32,45,55,62
S2936,大學以上,26,31,50,59,68
S2937,專科以下,27,32,55,66,72
S2938,大學以上,20,36,52,61,60
S2939,大學以上,22,28,50,60,68
S2940,大學以上,22,30,42,55,60
S2941,專科以下,24,31,50,64,76
S2942,大學以上,20,33,54,62,73
S2943,大學以上,24,31,49,54,60
S2944,大學以上,27,29,54,41,76
S2945,大學以上,23,35,57,63,76
S2946,大學以上,22,27,48,58,59
S2947,大學以上,22,25,37,55,61
S2948,專科以下,23,26,56,57,63
S2949,大學以上,31,31,53,48,63
S2950,專科以下,27,31,38,55,61
S2951,大學以上,26,32,54,60,65
S2952,專科以下,23,26,50,47,57
S2953,專科以下,21,27,47,61,61
S2954,大學以上,31,37,50,61,77
S2955,大學以上,26,30,53,64,77
S2956,專科以下,24,29,54,55,61
S2957,大學以上,24,28,53,61,65
S2958,大學以上,21,28,42,57,61
S2959,大學以上,29,31,53,60,70
S2960,大學以上,31,33,58,61,78
S2961,專科以下,24,30,54,61,60
S2962,大學以上,26,33,53,61,68
S2963,大學以上,26,30,54,62,68
S2964,大學以上,29,30,49,58,64
S2965,大學以上,29,33,58,62,66
S2966,大學以上,21,31,39,53,51
S2967,大學以上,30,35,50,52,63
S2968,大學以上,25,29,59,61,72
S2969,專科以下,28,29,52,58,66
S2970,大學以上,22,30,46,56,62
S2971,大學以上,25,35,48,59,63
S2972,大學以上,27,32,52,53,65
S2973,專科以下,34,35,58,63,65
S2974,大學以上,30,34,53,63,66
S2975,大學以上,26,31,51,58,76
S2976,大學以上,29,34,50,57,65
S2977,大學以上,26,36,44,60,76
S2978,專科以下,33,37,53,59,62
S2979,大學以上,30,34,52,61,71
S2980,專科以下,26,28,57,63,72
S2981,大學以上,29,37,53,60,62
S2982,專科以下,29,35,54,62,73
S2983,大學以上,29,33,57,65,77
S2984,大學以上,24,31,48,57,61
S2985,大學以上,28,30,52,62,73
S2986,大學以上,24,30,59,62,66
S2987,大學以上,28,31,55,61,68
S2988,專科以下,21,28,53,57,61
S2989,大學以上,31,35,61,63,78
S2990,大學以上,26,30,44,57,68
S2991,大學以上,29,33,55,62,75
S2992,大學以上,29,34,58,61,67
S2993,專科以下,31,37,48,52,60
S2994,大學以上,28,28,39,57,69
S2995,大學以上,31,33,61,66,76
S2996,專科以下,36,33,53,54,58
S2997,專科以下,28,33,53,66,69
S2998,大學以上,23,28,46,59,63
S2999,大學以上,23,24,54,55,64
S3000,大學以上,25,31,53,59,64
