識別碼,性別,月_03,月_06,月_12,月_18,月_24
S1001,女,16,15,34,48,48
S1002,男,15,30,33,33,45
S1003,男,18,18,31,39,39
S1004,女,17,18,36,52,54
S1005,男,16,21,30,39,44
S1006,女,17,21,31,33,40
S1007,女,15,19,25,26,34
S1008,女,15,16,37,42,51
S1009,女,15,15,21,31,43
S1010,女,15,16,24,31,39
S1011,男,16,16,35,37,46
S1012,男,18,17,21,45,52
S1013,男,16,18,29,34,49
S1014,女,16,16,28,44,50
S1015,女,15,15,25,33,47
S1016,男,17,15,25,37,47
S1017,男,19,22,30,37,50
S1018,女,16,22,36,47,60
S1019,女,16,24,30,49,59
S1020,男,15,15,25,28,39
S1021,女,16,17,31,39,50
S1022,男,21,21,29,44,50
S1023,女,15,16,18,29,30
S1024,女,18,16,23,42,45
S1025,男,15,15,19,30,45
S1026,女,15,18,35,40,47
S1027,女,15,17,23,36,43
S1028,女,18,20,33,46,51
S1029,女,20,21,25,36,48
S1030,女,15,19,31,44,48
S1031,男,15,15,25,25,47
S1032,男,16,19,23,36,47
S1033,女,15,19,28,38,52
S1034,女,18,19,21,35,47
S1035,女,19,20,32,40,54
S1036,男,15,17,21,34,38
S1037,女,17,19,25,34,39
S1038,男,15,15,26,34,41
S1039,女,15,15,25,37,44
S1040,男,15,21,32,47,55
S1041,男,19,22,30,42,47
S1042,男,15,15,27,37,42
S1043,男,15,19,26,34,49
S1044,男,15,15,37,41,51
S1045,男,16,16,27,39,51
S1046,男,15,20,30,37,40
S1047,男,17,18,37,54,45
S1048,女,16,16,28,47,60
S1049,女,16,21,29,38,51
S1050,女,19,22,26,46,56
S1051,女,17,15,26,33,50
S1052,男,15,15,32,35,43
S1053,女,15,16,28,27,28
S1054,女,17,25,36,39,48
S1055,男,19,27,31,46,53
S1056,男,16,17,26,32,46
S1057,男,16,18,25,36,47
S1058,男,19,22,28,40,53
S1059,男,16,16,21,30,37
S1060,女,26,28,39,51,58
S1061,女,21,31,39,48,58
S1062,女,18,17,19,23,33
S1063,女,18,20,32,36,50
S1064,男,19,20,27,31,42
S1065,女,19,21,32,52,57
S1066,男,18,19,29,38,48
S1067,男,28,24,35,46,57
S1068,男,16,20,27,35,50
S1069,女,15,22,27,32,46
S1070,女,15,17,22,35,41
S1071,女,21,26,28,49,57
S1072,男,16,18,31,39,57
S1073,男,18,16,23,27,39
S1074,女,15,17,30,42,44
S1075,男,17,20,41,51,54
S1076,男,15,15,27,39,48
S1077,女,17,23,32,41,58
S1078,男,15,15,19,30,34
S1079,男,18,19,29,41,55
S1080,女,17,21,39,47,58
S1081,男,20,22,31,31,50
S1082,女,16,16,23,31,36
S1083,女,17,20,33,50,55
S1084,男,17,22,24,38,38
S1085,男,18,18,25,26,28
S1086,女,16,19,31,44,50
S1087,男,17,19,21,29,30
S1088,女,18,17,24,35,51
S1089,女,15,15,24,23,38
S1090,男,18,21,22,26,34
S1091,男,18,15,28,27,39
S1092,男,16,21,39,36,43
S1093,男,17,19,22,26,42
S1094,男,18,17,35,43,53
S1095,男,23,25,33,40,47
S1096,男,22,23,27,33,50
S1097,女,19,21,28,35,55
S1098,女,15,24,31,41,58
S1099,女,15,17,26,28,44
S1100,女,16,17,25,43,51
S1101,女,16,17,32,34,35
S1102,男,17,19,29,48,60
S1103,女,16,17,22,30,50
S1104,男,18,25,34,34,42
S1105,男,17,21,26,31,41
S1106,男,18,24,22,41,52
S1107,女,16,17,34,48,57
S1108,女,19,17,28,50,49
S1109,女,18,21,25,37,43
S1110,男,15,16,32,29,54
S1111,男,20,18,28,35,40
S1112,女,16,17,39,41,54
S1113,男,15,18,29,37,45
S1114,男,15,15,27,34,43
S1115,男,18,21,30,44,53
S1116,男,16,18,22,32,44
S1117,女,15,15,21,30,40
S1118,女,18,16,33,37,50
S1119,男,15,15,21,33,47
S1120,男,16,21,29,42,47
S1121,男,17,18,28,38,44
S1122,女,15,20,22,38,47
S1123,女,17,19,22,40,46
S1124,女,20,25,44,54,59
S1125,男,15,17,23,35,42
S1126,女,15,15,23,44,58
S1127,女,21,28,35,48,56
S1128,男,17,21,31,45,49
S1129,男,17,18,39,50,60
S1130,男,15,16,29,31,48
S1131,男,16,19,28,37,28
S1132,男,18,20,29,40,47
S1133,女,17,18,35,48,50
S1134,女,19,19,34,38,52
S1135,女,18,20,26,45,50
S1136,男,15,15,19,29,34
S1137,女,19,20,36,51,59
S1138,女,16,15,24,37,46
S1139,男,18,22,34,42,52
S1140,女,18,18,28,44,53
S1141,女,16,18,24,42,52
S1142,女,15,15,23,38,54
S1143,女,18,23,29,41,50
S1144,女,17,17,27,35,38
S1145,男,15,15,28,32,43
S1146,男,17,18,30,42,51
S1147,男,18,20,27,41,49
S1148,女,19,24,34,37,54
S1149,女,15,15,24,26,29
S1150,女,18,17,37,44,57
S1151,女,16,15,31,39,40
S1152,女,15,17,31,53,60
S1153,男,19,22,30,37,41
S1154,女,16,17,30,45,46
S1155,男,15,16,20,29,42
S1156,男,18,16,28,35,36
S1157,男,16,19,24,34,36
S1158,女,15,17,29,39,54
S1159,男,21,21,22,35,46
S1160,男,15,17,27,35,38
S1161,女,17,16,28,35,52
S1162,男,16,19,30,35,41
S1163,男,16,20,26,35,40
S1164,女,17,15,31,35,46
S1165,男,17,19,23,30,39
S1166,男,18,19,26,30,37
S1167,女,17,19,36,51,58
S1168,女,15,15,28,34,35
S1169,男,15,15,20,33,46
S1170,男,16,23,32,37,46
S1171,男,16,22,27,46,45
S1172,男,15,16,28,28,36
S1173,男,18,17,28,40,41
S1174,男,19,23,30,45,56
S1175,男,16,16,22,25,38
S1176,女,19,17,25,26,41
S1177,女,15,17,27,35,50
S1178,女,15,23,28,43,57
S1179,男,16,16,30,32,41
S1180,男,17,16,33,36,44
S1181,男,18,18,32,39,49
S1182,男,17,16,22,32,54
S1183,女,24,29,32,48,58
S1184,女,15,17,31,38,46
S1185,女,15,17,31,40,56
S1186,女,16,18,28,34,48
S1187,男,16,21,27,34,43
S1188,女,17,19,28,44,49
S1189,男,16,24,37,39,42
S1190,女,15,15,20,34,52
S1191,男,15,17,19,38,45
S1192,女,17,18,34,40,53
S1193,女,20,18,33,44,54
S1194,男,17,22,34,50,50
S1195,男,18,19,32,37,51
S1196,男,19,17,28,37,49
S1197,女,15,18,26,45,57
S1198,女,17,17,25,40,45
S1199,女,17,18,31,33,51
S1200,男,15,15,26,47,58
S1201,男,22,27,31,33,59
S1202,男,16,16,30,34,50
S1203,女,18,18,25,30,50
S1204,女,15,15,23,42,52
S1205,男,24,23,26,41,51
S1206,男,24,17,27,38,39
S1207,男,15,15,32,38,47
S1208,女,15,21,29,42,53
S1209,女,20,20,36,44,56
S1210,男,15,17,26,39,52
S1211,男,15,15,20,26,27
S1212,男,22,21,31,35,34
S1213,女,15,18,32,37,53
S1214,男,16,17,28,34,48
S1215,男,15,17,24,30,37
S1216,男,15,15,36,45,51
S1217,女,16,22,42,49,53
S1218,男,15,18,17,41,49
S1219,男,16,19,29,38,52
S1220,男,17,15,28,33,35
S1221,男,17,18,32,40,54
S1222,男,17,19,29,43,54
S1223,女,15,15,27,31,38
S1224,女,18,19,29,34,43
S1225,男,15,15,19,29,40
S1226,男,15,17,24,30,32
S1227,女,15,15,24,31,43
S1228,女,15,16,29,38,43
S1229,男,18,21,36,36,50
S1230,男,18,19,25,40,42
S1231,男,15,16,26,30,38
S1232,男,16,21,29,34,47
S1233,女,16,18,26,34,45
S1234,男,15,15,30,34,43
S1235,男,15,16,28,34,50
S1236,男,19,24,32,43,47
S1237,男,22,30,40,44,52
S1238,男,16,18,30,38,50
S1239,男,22,21,36,42,54
S1240,男,18,19,28,47,46
S1241,男,17,19,26,29,39
S1242,女,16,18,28,35,48
S1243,女,15,15,21,37,53
S1244,男,16,19,27,38,44
S1245,男,16,15,27,44,54
S1246,男,15,17,33,38,51
S1247,女,16,17,25,39,46
S1248,女,15,20,32,45,53
S1249,女,17,17,33,43,47
S1250,男,18,21,33,36,39
S1251,女,16,18,27,38,46
S1252,男,15,18,23,40,46
S1253,男,15,21,36,40,51
S1254,男,16,24,32,38,40
S1255,女,18,19,26,31,54
S1256,男,19,17,34,40,56
S1257,男,16,18,26,39,51
S1258,男,15,17,35,41,51
S1259,女,15,16,35,38,55
S1260,男,23,30,34,34,47
S1261,男,17,18,22,35,52
S1262,男,16,15,17,26,35
S1263,女,17,19,39,45,57
S1264,女,19,21,34,41,48
S1265,女,15,16,31,43,53
S1266,男,15,16,35,46,55
S1267,女,15,17,29,38,42
S1268,男,16,19,24,37,55
S1269,男,15,16,34,40,48
S1270,男,15,19,29,37,40
S1271,男,19,21,29,33,51
S1272,男,19,19,26,34,38
S1273,男,16,16,26,48,38
S1274,男,15,18,29,32,45
S1275,女,17,22,22,48,36
S1276,女,17,16,35,40,54
S1277,男,19,16,33,32,36
S1278,男,18,17,29,29,50
S1279,女,16,19,24,35,43
S1280,男,21,19,28,32,35
S1281,男,15,17,25,37,43
S1282,女,15,16,26,37,42
S1283,女,15,18,28,27,43
S1284,女,19,33,37,53,60
S1285,男,17,17,32,45,34
S1286,女,15,16,25,36,57
S1287,男,20,25,34,51,50
S1288,女,21,21,31,38,51
S1289,男,18,21,34,44,56
S1290,女,15,17,21,30,33
S1291,女,15,15,24,25,41
S1292,女,16,23,31,44,51
S1293,女,16,17,22,30,38
S1294,男,23,21,29,31,53
S1295,男,15,15,25,40,56
S1296,女,19,21,29,30,38
S1297,女,17,19,28,37,47
S1298,男,18,17,25,37,41
S1299,男,15,16,24,28,39
S1300,女,15,17,36,39,56
S1301,女,17,18,29,42,54
S1302,男,15,21,20,29,44
S1303,男,15,15,32,37,49
S1304,女,15,16,29,35,50
S1305,男,15,15,36,38,43
S1306,男,16,16,25,35,42
S1307,女,15,17,28,32,46
S1308,男,16,16,29,36,46
S1309,男,16,21,21,35,38
S1310,女,16,20,34,31,39
S1311,女,16,16,22,35,49
S1312,男,17,18,33,31,39
S1313,女,21,25,32,47,52
S1314,女,15,18,33,47,55
S1315,男,15,18,25,39,53
S1316,女,15,15,27,35,46
S1317,男,17,22,32,47,58
S1318,男,18,17,24,34,40
S1319,男,15,16,21,30,36
S1320,女,15,17,31,43,58
S1321,女,19,22,36,57,57
S1322,女,15,18,31,34,40
S1323,男,16,19,25,30,43
S1324,女,16,18,33,43,54
S1325,女,18,23,32,35,49
S1326,女,17,16,17,27,35
S1327,男,16,17,31,34,52
S1328,男,16,17,30,34,46
S1329,男,16,17,24,31,37
S1330,男,22,24,35,41,54
S1331,男,15,17,30,37,54
S1332,女,15,17,33,39,46
S1333,女,16,18,24,38,49
S1334,女,19,23,33,44,51
S1335,女,18,18,25,34,51
S1336,男,15,18,21,27,38
S1337,男,15,16,21,32,44
S1338,女,15,17,22,32,37
S1339,女,17,18,22,38,49
S1340,男,21,25,29,42,51
S1341,男,18,19,32,30,34
S1342,男,15,17,21,33,47
S1343,女,16,16,27,30,39
S1344,男,17,17,29,38,46
S1345,男,16,18,35,44,45
S1346,女,16,19,26,50,51
S1347,女,16,16,28,35,44
S1348,男,16,16,21,23,39
S1349,女,16,26,27,46,43
S1350,男,18,24,38,57,59
S1351,女,15,17,30,42,51
S1352,男,15,24,25,47,54
S1353,男,17,16,25,32,39
S1354,男,16,19,33,36,44
S1355,男,15,15,19,25,33
S1356,男,15,15,31,36,44
S1357,女,18,18,25,41,51
S1358,男,15,17,26,40,52
S1359,女,16,18,22,34,29
S1360,女,15,19,23,33,49
S1361,女,16,22,33,43,57
S1362,男,19,17,26,31,49
S1363,男,18,18,28,39,60
S1364,女,16,15,26,28,39
S1365,男,15,19,27,43,46
S1366,男,16,19,24,34,48
S1367,女,21,21,32,41,54
S1368,男,18,22,31,36,40
S1369,男,17,18,35,44,59
S1370,男,16,18,23,31,36
S1371,女,18,20,25,39,47
S1372,女,15,19,31,40,50
S1373,女,15,18,33,42,52
S1374,男,17,20,29,45,58
S1375,男,17,17,30,38,48
S1376,男,16,15,29,32,41
S1377,女,19,21,29,39,51
S1378,男,15,18,33,36,48
S1379,男,17,22,34,38,47
S1380,男,15,16,23,29,30
S1381,女,21,25,32,48,50
S1382,男,16,18,24,37,47
S1383,男,15,17,31,47,56
S1384,女,18,18,36,44,56
S1385,女,15,18,27,36,37
S1386,男,17,23,30,32,53
S1387,男,15,16,29,35,50
S1388,女,15,18,24,45,52
S1389,男,16,15,28,33,45
S1390,女,15,15,18,31,42
S1391,男,15,15,24,39,47
S1392,女,15,20,30,47,57
S1393,男,15,18,27,35,40
S1394,女,15,15,20,31,40
S1395,男,15,15,25,27,45
S1396,男,16,16,23,34,50
S1397,男,15,16,27,43,51
S1398,男,22,20,31,35,44
S1399,男,17,18,25,40,45
S1400,男,15,18,31,31,42
S1401,男,15,18,20,29,32
S1402,男,17,16,31,34,44
S1403,女,15,16,23,35,43
S1404,男,17,16,26,29,40
S1405,男,16,16,25,34,40
S1406,男,15,15,27,37,49
S1407,女,15,17,28,33,46
S1408,女,16,18,31,43,56
S1409,男,18,20,31,37,51
S1410,男,17,21,28,36,41
S1411,女,18,19,32,44,55
S1412,男,17,25,33,38,52
S1413,男,16,17,28,34,40
S1414,男,18,18,21,30,38
S1415,男,16,18,29,37,42
S1416,女,15,18,30,41,39
S1417,男,19,21,26,49,57
S1418,女,15,16,23,42,51
S1419,男,17,18,31,35,39
S1420,男,16,18,29,42,54
S1421,女,17,16,24,32,43
S1422,男,15,15,29,42,39
S1423,男,15,18,36,40,54
S1424,女,17,22,26,40,46
S1425,女,16,21,32,40,49
S1426,女,19,22,33,50,57
S1427,女,19,23,32,40,49
S1428,男,20,23,31,37,50
S1429,女,16,17,23,31,41
S1430,女,15,15,25,31,35
S1431,女,16,21,25,32,36
S1432,女,18,19,30,44,54
S1433,女,21,18,35,49,45
S1434,女,15,20,30,43,57
S1435,女,16,16,24,32,33
S1436,女,15,15,32,30,41
S1437,女,16,21,31,38,47
S1438,女,18,21,35,46,56
S1439,女,16,19,24,36,53
S1440,女,15,17,29,41,54
S1441,女,15,21,28,39,55
S1442,女,15,15,26,35,35
S1443,男,17,20,30,40,49
S1444,男,18,19,25,36,48
S1445,女,15,15,26,40,40
S1446,女,20,21,27,38,48
S1447,男,16,20,22,32,32
S1448,男,18,20,31,34,47
S1449,女,17,18,27,33,48
S1450,女,15,18,26,35,47
S1451,男,17,16,23,35,42
S1452,女,16,15,29,36,50
S1453,女,20,22,29,35,40
S1454,男,18,21,30,44,54
S1455,男,17,17,21,34,55
S1456,男,16,16,28,32,48
S1457,男,16,20,36,39,49
S1458,男,15,18,26,38,50
S1459,男,19,20,31,33,44
S1460,女,16,15,29,39,55
S1461,男,15,16,29,34,43
S1462,女,18,17,24,28,42
S1463,女,15,19,30,47,56
S1464,女,17,20,23,39,48
S1465,女,19,21,28,47,57
S1466,女,15,19,24,39,47
S1467,女,15,18,30,37,51
S1468,女,16,18,30,29,32
S1469,女,15,17,25,39,48
S1470,男,18,16,33,45,50
S1471,男,16,17,32,40,55
S1472,女,17,18,35,47,58
S1473,女,16,17,25,38,46
S1474,男,15,16,19,34,39
S1475,女,21,20,28,47,52
S1476,男,21,21,36,38,50
S1477,男,16,15,31,39,52
S1478,男,17,18,28,38,47
S1479,女,17,15,28,37,49
S1480,男,18,18,25,35,50
S1481,男,16,17,24,40,54
S1482,男,15,17,27,35,49
S1483,男,18,19,29,34,38
S1484,女,15,16,24,36,43
S1485,男,18,24,26,39,48
S1486,女,16,18,35,42,60
S1487,女,15,17,33,43,43
S1488,男,17,17,25,35,40
S1489,女,15,16,30,50,58
S1490,男,16,19,26,45,58
S1491,女,18,18,30,36,50
S1492,女,16,20,43,47,51
S1493,男,16,17,31,36,44
S1494,男,18,15,22,34,33
S1495,女,15,16,31,40,50
S1496,男,15,17,31,40,45
S1497,男,15,15,20,33,45
S1498,女,15,23,23,39,45
S1499,男,15,17,21,22,33
S1500,男,15,19,25,34,42
S1501,男,18,21,33,39,54
S1502,女,16,16,33,42,47
S1503,男,16,16,32,40,50
S1504,女,15,16,24,34,44
S1505,男,15,15,30,36,54
S1506,女,15,18,31,42,40
S1507,男,19,18,30,42,57
S1508,男,16,20,24,37,48
S1509,男,17,18,38,46,51
S1510,男,20,21,23,39,48
S1511,男,15,25,34,37,51
S1512,女,15,18,28,35,54
S1513,女,15,19,29,35,46
S1514,男,15,16,34,37,38
S1515,女,15,17,33,51,58
S1516,女,17,16,31,44,55
S1517,女,22,19,29,32,40
S1518,男,15,15,24,39,51
S1519,女,17,20,27,37,46
S1520,女,15,19,27,46,46
S1521,男,16,19,31,32,46
S1522,男,18,22,36,39,38
S1523,女,16,20,31,35,47
S1524,男,16,19,31,27,46
S1525,女,15,16,22,33,43
S1526,女,16,20,24,38,45
S1527,女,18,19,30,39,45
S1528,男,17,15,31,40,51
S1529,男,17,17,25,41,42
S1530,女,15,18,31,43,51
S1531,女,18,21,29,48,48
S1532,男,15,17,17,33,32
S1533,男,15,15,26,32,37
S1534,男,21,17,24,30,40
S1535,女,18,18,29,47,51
S1536,男,15,17,22,34,38
S1537,女,18,17,32,41,40
S1538,女,16,18,32,41,52
S1539,女,16,22,29,32,42
S1540,女,23,21,33,32,45
S1541,女,15,17,22,30,45
S1542,女,16,15,32,41,53
S1543,男,16,16,28,34,45
S1544,男,18,29,28,43,54
S1545,男,18,16,30,40,45
S1546,男,18,24,26,36,54
S1547,男,15,16,23,35,39
S1548,男,16,15,28,32,41
S1549,男,20,21,30,44,53
S1550,女,16,20,34,39,47
S1551,男,17,18,28,30,39
S1552,男,17,17,38,39,57
S1553,女,18,22,35,33,48
S1554,女,17,17,24,32,40
S1555,男,15,22,23,27,39
S1556,男,15,15,31,39,43
S1557,男,15,21,23,33,40
S1558,男,20,19,30,42,45
S1559,女,15,15,23,35,48
S1560,女,15,21,28,30,41
S1561,男,16,17,23,27,34
S1562,男,15,16,29,34,52
S1563,女,21,22,34,40,45
S1564,女,16,15,32,36,46
S1565,女,15,15,28,35,46
S1566,男,17,19,29,35,51
S1567,女,15,20,35,51,54
S1568,男,18,22,32,43,50
S1569,女,19,17,31,48,50
S1570,女,15,16,33,36,59
S1571,女,16,18,26,39,42
S1572,男,17,17,30,33,48
S1573,女,17,24,26,37,52
S1574,女,17,16,26,33,45
S1575,女,19,16,37,39,54
S1576,男,18,18,26,39,29
S1577,男,16,18,23,31,47
S1578,女,16,15,43,39,45
S1579,男,19,21,24,29,37
S1580,男,16,15,29,32,46
S1581,男,15,17,21,42,57
S1582,男,18,18,24,37,40
S1583,女,18,18,31,47,59
S1584,女,15,16,29,37,52
S1585,女,15,16,23,29,34
S1586,男,15,16,20,24,28
S1587,男,17,22,24,34,46
S1588,男,15,16,28,50,60
S1589,男,21,28,28,45,50
S1590,女,21,21,29,37,44
S1591,男,15,16,19,27,43
S1592,男,19,18,30,42,45
S1593,男,15,18,28,32,34
S1594,女,20,20,25,42,54
S1595,男,15,15,24,35,40
S1596,男,15,16,29,37,46
S1597,女,21,22,34,35,37
S1598,男,15,16,23,31,25
S1599,女,16,15,22,28,46
S1600,女,15,17,27,40,57
S1601,男,15,16,19,38,44
S1602,男,18,21,23,36,50
S1603,男,18,21,29,42,58
S1604,女,17,21,33,40,47
S1605,女,18,17,24,43,53
S1606,女,15,17,28,40,59
S1607,男,16,18,32,41,42
S1608,男,17,20,29,32,37
S1609,女,16,19,29,42,55
S1610,女,15,17,27,39,49
S1611,男,16,18,20,34,45
S1612,男,16,19,24,35,39
S1613,男,18,16,23,27,27
S1614,女,15,15,26,33,47
S1615,女,15,17,35,37,45
S1616,男,15,19,22,25,27
S1617,男,15,17,26,33,44
S1618,女,16,17,20,23,23
S1619,女,16,16,28,33,40
S1620,男,16,20,25,26,37
S1621,女,19,19,30,51,56
S1622,女,16,25,27,37,48
S1623,女,15,16,35,39,43
S1624,女,15,15,31,46,49
S1625,男,15,16,22,30,40
S1626,女,15,17,27,34,51
S1627,男,16,22,33,52,40
S1628,男,16,17,29,35,36
S1629,男,15,15,20,26,41
S1630,女,16,18,28,37,48
S1631,女,16,20,21,34,36
S1632,男,15,16,30,33,30
S1633,男,17,20,33,46,51
S1634,男,18,17,25,28,43
S1635,女,16,16,31,35,59
S1636,男,20,21,32,33,40
S1637,女,16,18,31,41,53
S1638,女,15,15,27,46,57
S1639,女,16,18,26,34,42
S1640,女,16,21,36,39,48
S1641,女,18,23,34,38,51
S1642,男,17,19,29,35,55
S1643,女,17,19,32,42,56
S1644,女,19,22,26,37,43
S1645,女,15,19,27,32,46
S1646,男,15,16,26,35,42
S1647,男,15,15,20,28,37
S1648,男,17,16,23,34,33
S1649,女,17,17,28,38,53
S1650,男,16,32,23,29,33
S1651,女,18,18,27,41,48
S1652,女,15,22,32,40,47
S1653,男,17,18,20,32,50
S1654,男,16,18,27,32,49
S1655,男,24,28,37,39,55
S1656,男,15,19,28,50,56
S1657,男,15,18,23,38,56
S1658,女,15,17,22,31,31
S1659,女,16,21,34,38,56
S1660,男,15,16,28,48,59
S1661,女,16,17,22,36,34
S1662,女,15,17,36,50,59
S1663,女,16,16,32,35,48
S1664,女,15,16,29,34,48
S1665,女,16,18,33,43,55
S1666,男,17,16,20,32,44
S1667,女,15,15,21,32,39
S1668,女,18,17,35,41,43
S1669,男,15,18,27,38,44
S1670,男,17,17,27,33,51
S1671,女,21,19,30,45,56
S1672,女,21,26,29,33,43
S1673,女,15,15,28,33,43
S1674,女,18,15,27,34,51
S1675,男,16,18,21,28,37
S1676,男,16,16,29,37,46
S1677,女,15,16,30,40,50
S1678,女,15,15,22,33,45
S1679,男,17,20,42,52,51
S1680,男,16,17,22,28,32
S1681,女,18,19,35,37,40
S1682,男,17,15,25,34,41
S1683,男,15,16,16,32,43
S1684,女,15,16,29,48,58
S1685,女,18,18,33,35,41
S1686,女,17,17,36,40,43
S1687,女,17,19,30,34,55
S1688,男,16,16,26,27,49
S1689,女,16,16,28,38,47
S1690,女,15,18,24,32,41
S1691,女,17,18,31,44,53
S1692,女,18,17,26,30,44
S1693,男,26,25,33,31,34
S1694,男,22,23,32,41,50
S1695,女,25,36,29,31,35
S1696,男,16,21,30,39,52
S1697,男,15,17,33,41,54
S1698,女,18,19,35,41,50
S1699,女,20,21,39,47,55
S1700,女,21,18,31,36,41
S1701,男,16,20,30,30,39
S1702,男,17,25,33,34,54
S1703,女,16,16,21,37,53
S1704,女,17,18,26,28,27
S1705,女,16,22,31,48,51
S1706,男,18,22,21,29,40
S1707,男,16,15,23,30,46
S1708,女,15,17,27,41,53
S1709,男,18,17,23,40,40
S1710,男,18,18,23,39,49
S1711,男,15,17,22,29,48
S1712,女,19,17,28,44,45
S1713,女,15,16,25,39,37
S1714,男,16,17,21,26,39
S1715,男,15,16,23,20,27
S1716,男,15,15,31,26,39
S1717,男,17,18,25,38,38
S1718,女,15,16,32,40,53
S1719,男,16,18,32,36,39
S1720,女,18,18,24,28,31
S1721,男,16,20,24,32,49
S1722,男,15,15,30,43,57
S1723,女,15,15,26,34,40
S1724,女,15,17,32,32,53
S1725,女,15,22,33,40,48
S1726,女,18,20,29,53,60
S1727,女,15,17,25,39,51
S1728,男,21,24,24,37,53
S1729,女,17,21,31,38,58
S1730,男,16,19,33,48,54
S1731,女,22,23,35,35,53
S1732,女,18,18,31,38,43
S1733,女,16,19,37,54,52
S1734,男,16,20,22,37,47
S1735,男,18,19,35,37,43
S1736,女,16,17,29,39,50
S1737,女,15,16,29,41,48
S1738,女,15,19,24,38,42
S1739,男,15,18,25,28,36
S1740,女,17,21,28,37,46
S1741,女,20,25,32,37,46
S1742,女,19,21,37,42,53
S1743,女,17,18,32,37,45
S1744,男,15,15,20,22,36
S1745,男,15,16,20,33,49
S1746,男,18,20,36,37,39
S1747,男,19,32,33,53,56
S1748,女,15,23,32,40,52
S1749,女,17,18,31,38,46
S1750,女,15,18,32,47,50
S1751,女,18,21,36,42,46
S1752,男,17,21,31,46,57
S1753,男,16,17,23,24,34
S1754,女,20,28,34,31,37
S1755,女,18,16,36,39,51
S1756,男,15,18,24,41,56
S1757,男,15,17,30,41,44
S1758,男,15,15,21,33,52
S1759,女,19,21,39,41,51
S1760,男,16,17,27,31,36
S1761,女,17,19,29,47,44
S1762,男,16,15,24,39,50
S1763,男,16,19,34,44,57
S1764,女,18,22,39,45,53
S1765,女,19,20,36,51,54
S1766,男,16,16,21,31,36
S1767,男,16,17,26,43,46
S1768,女,15,20,32,42,51
S1769,男,17,19,27,45,56
S1770,女,25,19,28,43,55
S1771,女,15,16,22,41,56
S1772,男,15,15,25,42,50
S1773,女,17,24,30,46,50
S1774,男,15,15,33,40,41
S1775,女,15,17,30,37,39
S1776,男,16,15,21,47,57
S1777,男,20,22,31,40,52
S1778,男,16,19,25,36,44
S1779,男,24,25,28,38,41
S1780,男,15,16,22,24,33
S1781,女,16,17,30,38,51
S1782,男,17,17,30,34,47
S1783,女,18,20,32,36,51
S1784,男,16,23,30,40,46
S1785,男,19,22,34,43,53
S1786,女,16,22,29,38,48
S1787,男,15,18,23,34,36
S1788,男,15,17,27,48,55
S1789,男,16,20,26,34,46
S1790,男,24,20,23,33,48
S1791,女,19,17,31,42,56
S1792,男,15,20,24,35,45
S1793,女,17,17,25,32,47
S1794,女,16,19,28,35,58
S1795,男,16,23,22,33,42
S1796,女,15,18,25,39,56
S1797,男,25,23,32,49,58
S1798,女,18,21,32,52,56
S1799,男,15,17,27,33,45
S1800,男,15,15,29,33,49
S1801,男,18,23,22,30,54
S1802,女,19,23,31,39,42
S1803,女,17,17,30,40,51
S1804,男,18,18,32,43,54
S1805,女,19,19,30,38,52
S1806,女,18,21,28,26,40
S1807,女,15,15,19,25,39
S1808,男,15,19,25,39,45
S1809,女,16,23,36,37,52
S1810,女,17,16,20,34,47
S1811,女,15,15,34,42,60
S1812,女,15,21,27,35,53
S1813,女,16,17,23,33,47
S1814,女,15,17,25,37,53
S1815,男,15,17,29,39,48
S1816,女,17,18,37,40,57
S1817,女,16,20,34,40,49
S1818,女,15,18,28,38,41
S1819,女,16,19,30,37,43
S1820,男,23,24,29,39,49
S1821,男,16,16,29,34,58
S1822,女,15,18,24,34,47
S1823,女,15,15,23,35,41
S1824,女,16,18,24,36,52
S1825,女,15,15,30,52,51
S1826,男,18,19,23,32,34
S1827,男,15,17,29,49,45
S1828,男,16,21,29,43,41
S1829,男,15,15,21,30,36
S1830,男,16,15,26,32,44
S1831,女,15,15,34,47,60
S1832,女,17,18,34,44,58
S1833,女,15,19,30,37,51
S1834,男,16,15,26,32,46
S1835,男,26,30,34,47,54
S1836,女,15,18,35,29,51
S1837,男,17,19,30,42,42
S1838,男,15,21,32,33,47
S1839,女,16,17,26,37,44
S1840,女,20,28,33,43,52
S1841,女,18,20,38,42,54
S1842,男,15,15,25,31,43
S1843,男,15,18,26,30,45
S1844,男,15,17,28,35,56
S1845,男,18,18,28,36,38
S1846,女,17,17,24,38,48
S1847,女,17,19,24,32,51
S1848,男,17,17,32,43,53
S1849,男,18,16,29,49,55
S1850,男,15,16,28,31,46
S1851,女,26,25,36,53,53
S1852,男,17,17,31,52,58
S1853,女,16,18,34,38,55
S1854,女,17,21,35,46,57
S1855,男,16,21,25,33,45
S1856,男,18,21,32,34,50
S1857,男,25,25,31,31,33
S1858,男,16,15,24,36,42
S1859,女,17,20,32,45,55
S1860,女,19,19,25,44,56
S1861,男,15,20,22,42,56
S1862,女,16,18,26,42,57
S1863,男,17,20,20,31,35
S1864,男,15,16,20,26,30
S1865,女,15,18,28,31,46
S1866,女,15,15,27,34,38
S1867,男,15,16,26,45,55
S1868,女,19,21,30,44,51
S1869,女,17,21,37,49,56
S1870,女,17,19,30,39,51
S1871,男,16,20,31,33,42
S1872,男,19,19,25,38,52
S1873,男,15,16,26,43,54
S1874,女,16,18,26,38,55
S1875,男,17,22,28,34,37
S1876,男,20,22,32,32,48
S1877,男,18,20,42,47,60
S1878,女,15,17,28,47,52
S1879,女,18,23,34,44,54
S1880,女,15,17,28,35,49
S1881,女,15,19,29,34,41
S1882,女,15,18,27,31,47
S1883,男,15,16,30,32,42
S1884,女,18,21,29,37,53
S1885,女,15,18,21,39,48
S1886,女,16,22,34,37,42
S1887,男,16,18,23,29,42
S1888,男,15,23,27,43,47
S1889,男,18,19,30,37,46
S1890,男,15,17,27,41,42
S1891,女,15,16,21,28,42
S1892,女,17,15,42,40,57
S1893,男,19,15,22,31,32
S1894,女,16,18,23,41,45
S1895,男,15,20,30,33,35
S1896,男,19,18,35,42,57
S1897,女,15,27,36,46,49
S1898,男,15,15,27,44,51
S1899,女,21,22,26,45,53
S1900,女,16,19,33,39,44
S1901,女,15,16,30,37,47
S1902,女,15,15,34,40,49
S1903,男,15,23,26,42,54
S1904,女,17,20,32,37,40
S1905,女,20,21,40,43,57
S1906,女,15,17,31,42,55
S1907,男,16,18,37,54,58
S1908,女,16,15,22,29,48
S1909,女,18,22,35,38,49
S1910,男,17,15,29,33,43
S1911,男,15,18,26,44,53
S1912,男,15,16,25,33,39
S1913,女,20,21,26,36,53
S1914,女,25,23,31,38,55
S1915,男,16,20,19,31,37
S1916,女,21,21,28,44,55
S1917,女,15,15,22,38,45
S1918,男,18,21,31,35,52
S1919,女,15,17,35,44,55
S1920,男,18,18,21,42,51
S1921,女,17,23,34,37,47
S1922,女,17,18,24,37,54
S1923,男,17,18,21,31,44
S1924,男,17,18,30,38,41
S1925,女,15,16,21,36,34
S1926,女,15,20,25,37,45
S1927,女,19,21,41,44,52
S1928,女,23,28,33,43,36
S1929,男,16,16,25,37,46
S1930,女,15,15,17,32,37
S1931,女,15,19,34,38,46
S1932,男,15,17,27,35,43
S1933,男,18,17,32,29,39
S1934,男,16,22,25,32,46
S1935,男,15,15,30,34,35
S1936,男,21,21,29,42,46
S1937,女,17,17,27,33,45
S1938,男,17,19,29,35,48
S1939,男,19,17,29,40,50
S1940,女,16,19,30,50,51
S1941,男,16,20,33,36,46
S1942,男,15,20,28,33,43
S1943,男,16,24,33,48,52
S1944,女,16,15,25,38,51
S1945,男,15,19,25,28,46
S1946,男,17,19,32,37,52
S1947,男,16,18,29,36,47
S1948,女,16,21,23,34,39
S1949,男,16,18,35,45,58
S1950,女,17,18,27,41,50
S1951,男,15,15,29,33,44
S1952,男,19,21,33,39,45
S1953,男,15,19,24,39,47
S1954,男,15,18,25,39,49
S1955,男,16,16,29,36,36
S1956,男,18,25,31,35,58
S1957,男,18,19,33,40,44
S1958,男,15,15,21,33,38
S1959,男,16,19,29,39,43
S1960,男,16,17,23,38,48
S1961,女,15,18,25,39,52
S1962,男,17,17,29,49,46
S1963,女,23,24,33,39,46
S1964,女,16,16,36,38,54
S1965,男,18,18,26,39,50
S1966,男,15,15,21,25,41
S1967,男,16,17,28,44,53
S1968,女,15,16,28,36,50
S1969,女,15,17,30,44,52
S1970,男,15,20,24,36,49
S1971,男,17,23,30,35,50
S1972,女,26,27,40,43,59
S1973,男,22,24,33,30,42
S1974,女,16,30,27,33,46
S1975,男,16,15,27,51,51
S1976,男,15,15,21,29,44
S1977,女,18,19,31,41,46
S1978,男,15,15,20,34,42
S1979,女,20,19,34,37,52
S1980,男,15,15,23,30,37
S1981,女,16,16,21,33,38
S1982,男,18,19,20,28,33
S1983,男,15,15,31,31,51
S1984,女,16,17,35,36,55
S1985,女,19,17,34,43,48
S1986,男,15,18,29,34,53
S1987,女,17,17,20,32,35
S1988,男,21,17,31,37,52
S1989,男,19,21,27,39,44
S1990,男,21,21,33,41,46
S1991,男,17,18,30,36,42
S1992,女,18,15,34,45,52
S1993,男,15,18,30,35,44
S1994,女,15,20,20,47,55
S1995,男,16,22,31,46,57
S1996,男,20,20,31,36,48
S1997,女,17,16,27,40,54
S1998,男,19,21,28,36,49
S1999,女,16,18,26,29,47
S2000,女,16,17,24,40,48
S2001,女,17,18,29,36,48
S2002,女,19,20,23,35,46
S2003,男,15,15,29,43,45
S2004,男,15,18,33,36,50
S2005,男,20,19,27,39,48
S2006,女,16,16,33,33,37
S2007,女,15,15,18,31,38
S2008,女,16,18,20,35,47
S2009,男,19,21,24,43,50
S2010,男,15,16,27,36,47
S2011,男,15,17,22,38,47
S2012,女,20,19,37,41,55
S2013,男,19,29,36,39,49
S2014,男,15,15,23,35,53
S2015,男,16,18,25,35,55
S2016,男,16,17,28,35,47
S2017,女,16,21,33,36,51
S2018,女,15,17,26,34,43
S2019,女,18,17,33,46,57
S2020,男,16,16,27,31,37
S2021,男,21,21,32,42,54
S2022,男,15,19,28,31,40
S2023,女,17,17,37,42,52
S2024,女,15,17,24,35,46
S2025,女,15,15,29,31,49
S2026,女,17,20,28,42,47
S2027,男,15,15,15,36,35
S2028,男,18,19,25,31,46
S2029,男,15,17,30,36,55
S2030,女,17,19,31,44,49
S2031,女,17,22,23,36,49
S2032,男,21,20,24,36,49
S2033,男,15,15,18,30,33
S2034,女,16,17,34,52,54
S2035,男,16,15,31,36,50
S2036,男,16,16,25,33,41
S2037,男,15,16,23,33,44
S2038,女,15,15,19,33,44
S2039,男,21,24,34,36,45
S2040,男,17,21,35,42,55
S2041,女,16,18,29,38,47
S2042,男,22,25,38,35,46
S2043,男,15,18,26,33,54
S2044,女,15,15,24,33,34
S2045,男,16,22,26,27,32
S2046,男,15,16,22,27,51
S2047,女,17,19,23,33,47
S2048,女,15,16,21,31,32
S2049,女,15,16,28,37,43
S2050,男,16,18,32,36,46
S2051,男,16,18,31,37,48
S2052,女,19,19,33,32,40
S2053,男,16,18,24,30,45
S2054,男,15,20,29,36,50
S2055,男,16,17,25,39,47
S2056,男,16,15,26,40,52
S2057,女,15,17,21,31,47
S2058,女,15,15,22,37,37
S2059,男,20,30,32,35,44
S2060,女,15,15,15,27,33
S2061,女,15,15,30,41,52
S2062,女,17,21,30,41,50
S2063,男,17,18,28,30,43
S2064,女,15,15,28,43,57
S2065,女,15,19,21,30,32
S2066,女,16,17,27,45,36
S2067,男,21,21,34,38,49
S2068,女,15,19,29,40,54
S2069,女,22,25,39,44,50
S2070,男,15,16,28,38,51
S2071,男,15,19,20,40,44
S2072,女,23,25,29,37,55
S2073,男,16,16,22,30,51
S2074,男,16,16,22,31,47
S2075,女,21,24,27,38,52
S2076,男,15,23,19,37,43
S2077,女,16,17,30,29,40
S2078,男,24,24,34,42,44
S2079,女,15,16,27,38,46
S2080,女,15,18,19,31,33
S2081,女,17,18,26,42,49
S2082,男,15,17,24,38,49
S2083,男,15,19,28,39,44
S2084,女,17,16,21,31,54
S2085,男,15,19,26,29,47
S2086,男,17,18,22,42,49
S2087,男,17,20,32,42,58
S2088,女,16,21,27,38,44
S2089,女,17,18,35,40,54
S2090,女,15,20,23,42,46
S2091,男,15,15,21,43,49
S2092,男,17,18,24,26,36
S2093,男,18,21,32,42,58
S2094,女,15,15,29,33,47
S2095,男,15,21,30,35,41
S2096,女,17,20,24,34,37
S2097,男,18,18,25,33,33
S2098,男,15,16,24,43,54
S2099,男,17,15,25,34,42
S2100,女,15,18,22,43,51
S2101,男,16,19,27,38,51
S2102,男,15,18,34,46,54
S2103,男,21,17,25,15,28
S2104,女,18,15,26,37,51
S2105,女,15,15,25,30,40
S2106,女,15,15,21,32,47
S2107,女,15,15,29,38,36
S2108,女,24,21,34,41,52
S2109,男,16,15,23,31,31
S2110,男,15,21,26,37,47
S2111,女,17,16,24,30,38
S2112,女,16,16,30,38,49
S2113,女,18,15,26,39,43
S2114,男,18,17,23,34,54
S2115,女,15,15,29,40,50
S2116,女,17,19,32,44,56
S2117,男,18,20,32,40,46
S2118,女,20,21,32,35,41
S2119,女,16,16,22,32,47
S2120,男,17,17,24,34,47
S2121,男,16,18,22,34,40
S2122,女,15,16,22,28,32
S2123,女,24,23,32,40,53
S2124,女,15,19,24,33,39
S2125,女,16,20,33,41,57
S2126,男,16,21,25,33,38
S2127,女,16,16,30,48,55
S2128,女,17,19,34,38,45
S2129,女,15,17,25,39,52
S2130,女,17,18,26,43,51
S2131,女,20,20,26,40,50
S2132,男,17,17,37,44,53
S2133,女,15,15,19,29,38
S2134,男,20,21,24,39,53
S2135,女,15,18,36,42,52
S2136,男,17,18,21,32,42
S2137,女,16,19,26,35,38
S2138,男,23,22,35,48,50
S2139,女,21,21,33,40,50
S2140,女,18,23,31,44,52
S2141,女,18,16,27,28,41
S2142,女,15,16,31,44,53
S2143,男,17,18,31,51,57
S2144,男,24,23,28,51,56
S2145,男,19,17,27,44,52
S2146,女,17,18,22,32,43
S2147,男,17,19,23,29,44
S2148,男,16,18,25,33,50
S2149,男,16,16,24,33,51
S2150,男,15,15,25,37,49
S2151,男,17,21,24,37,52
S2152,男,16,18,29,39,54
S2153,女,16,17,25,36,48
S2154,男,15,21,33,42,53
S2155,男,21,17,28,35,42
S2156,男,15,18,34,43,55
S2157,男,16,16,32,30,37
S2158,女,17,17,28,33,36
S2159,女,17,24,32,40,42
S2160,女,15,15,21,38,53
S2161,男,15,20,30,44,54
S2162,男,21,19,29,44,58
S2163,女,19,22,32,45,44
S2164,男,17,18,28,35,52
S2165,女,15,16,24,30,42
S2166,男,15,15,22,32,38
S2167,女,16,18,22,36,44
S2168,女,19,19,27,32,45
S2169,女,17,18,28,35,49
S2170,女,16,19,34,40,42
S2171,女,16,16,24,33,54
S2172,男,19,21,31,51,54
S2173,男,18,23,28,39,53
S2174,男,16,16,27,39,49
S2175,女,19,18,25,44,57
S2176,女,18,18,34,54,60
S2177,女,15,16,30,38,54
S2178,女,18,20,36,46,58
S2179,男,17,16,23,19,30
S2180,女,18,19,30,36,49
S2181,女,15,16,31,55,60
S2182,男,21,19,27,32,39
S2183,男,15,18,28,26,42
S2184,女,21,19,32,44,52
S2185,男,16,17,20,31,42
S2186,男,21,20,30,36,53
S2187,男,15,17,20,25,37
S2188,女,18,17,25,30,40
S2189,男,15,15,23,34,55
S2190,男,17,19,25,31,36
S2191,男,16,20,31,41,57
S2192,女,16,18,26,35,38
S2193,女,15,20,36,55,57
S2194,女,17,16,18,33,36
S2195,女,18,17,25,37,50
S2196,男,16,16,28,38,47
S2197,女,17,17,24,31,39
S2198,男,17,20,24,41,48
S2199,女,16,19,28,46,57
S2200,女,15,16,29,37,48
S2201,女,16,22,27,35,41
S2202,男,21,23,42,44,50
S2203,男,15,16,22,35,30
S2204,男,15,20,25,33,47
S2205,女,17,27,37,45,56
S2206,女,18,18,25,41,51
S2207,女,15,15,22,41,48
S2208,男,15,20,36,39,40
S2209,女,17,17,20,36,43
S2210,男,19,21,27,35,43
S2211,男,20,22,23,35,48
S2212,女,17,17,28,36,56
S2213,女,15,21,34,48,53
S2214,男,25,26,26,36,42
S2215,女,15,18,36,47,51
S2216,女,17,19,34,40,58
S2217,女,16,19,30,37,42
S2218,女,16,17,30,42,46
S2219,男,16,19,25,38,52
S2220,女,15,19,37,43,43
S2221,男,21,20,28,41,41
S2222,男,21,21,23,43,53
S2223,男,15,20,28,40,55
S2224,女,15,19,22,30,38
S2225,女,15,15,22,24,30
S2226,男,15,20,27,37,48
S2227,女,18,21,33,36,34
S2228,男,16,18,26,31,35
S2229,男,27,24,33,34,51
S2230,女,15,15,25,39,49
S2231,女,15,16,34,38,55
S2232,男,15,18,24,38,44
S2233,男,15,15,20,29,39
S2234,女,15,16,27,33,38
S2235,男,21,21,27,36,49
S2236,女,15,18,26,38,47
S2237,女,15,18,26,43,56
S2238,女,15,19,30,44,58
S2239,男,16,17,34,41,49
S2240,男,16,22,31,46,48
S2241,女,15,16,19,37,51
S2242,女,21,21,29,40,47
S2243,女,15,16,30,33,44
S2244,男,15,15,21,31,33
S2245,男,16,19,30,42,53
S2246,女,15,18,20,41,54
S2247,男,17,20,33,41,52
S2248,女,16,19,29,43,51
S2249,男,18,18,26,43,40
S2250,男,19,16,33,36,43
S2251,女,24,29,33,35,43
S2252,男,20,21,29,38,53
S2253,男,15,18,24,39,47
S2254,男,15,17,25,36,44
S2255,女,17,18,25,38,46
S2256,男,15,16,30,36,57
S2257,女,15,18,31,39,46
S2258,女,16,18,23,35,47
S2259,女,17,17,26,35,46
S2260,男,16,15,30,38,45
S2261,女,20,24,37,44,56
S2262,男,15,18,23,32,42
S2263,男,18,22,27,37,42
S2264,男,16,17,30,34,37
S2265,男,15,22,32,39,56
S2266,女,20,23,31,40,50
S2267,男,15,15,24,30,39
S2268,女,16,20,29,37,45
S2269,女,17,19,32,40,50
S2270,女,17,21,28,37,40
S2271,男,21,24,31,46,57
S2272,女,16,19,31,44,57
S2273,男,16,21,23,33,42
S2274,女,17,17,30,34,52
S2275,男,16,21,26,34,50
S2276,女,16,15,24,33,39
S2277,女,20,23,27,36,50
S2278,女,17,21,30,48,57
S2279,女,21,25,33,50,52
S2280,男,16,16,25,32,41
S2281,女,17,18,33,48,52
S2282,女,17,18,37,45,57
S2283,男,17,20,30,33,53
S2284,男,16,17,30,39,45
S2285,男,15,16,23,29,37
S2286,男,19,23,33,39,50
S2287,男,16,17,29,38,36
S2288,男,16,16,21,37,40
S2289,女,18,18,36,40,56
S2290,男,17,17,33,36,57
S2291,男,18,19,26,28,40
S2292,男,20,19,35,42,56
S2293,女,18,18,33,39,50
S2294,男,15,17,20,28,44
S2295,女,15,21,32,40,48
S2296,男,15,16,32,38,55
S2297,男,16,16,30,37,40
S2298,男,15,17,29,33,51
S2299,女,16,19,26,48,57
S2300,女,16,17,28,40,50
S2301,女,19,18,27,42,42
S2302,女,15,17,24,27,43
S2303,女,17,21,29,33,43
S2304,女,21,25,33,43,58
S2305,男,18,22,35,31,37
S2306,男,17,20,35,43,49
S2307,女,20,18,23,39,38
S2308,女,16,20,27,34,44
S2309,女,19,17,33,41,55
S2310,男,17,17,24,35,49
S2311,男,15,15,21,24,41
S2312,女,16,15,35,40,43
S2313,男,17,27,33,32,33
S2314,男,16,15,25,36,48
S2315,女,19,17,27,31,40
S2316,女,15,17,31,40,50
S2317,男,18,17,22,28,36
S2318,男,16,19,28,42,45
S2319,女,21,21,30,40,48
S2320,女,16,17,24,32,45
S2321,女,20,23,30,42,41
S2322,男,16,16,28,36,38
S2323,女,16,18,31,42,53
S2324,男,16,22,35,36,45
S2325,男,15,15,15,22,30
S2326,男,17,16,22,24,44
S2327,男,15,20,29,29,41
S2328,男,15,16,22,29,39
S2329,女,16,17,26,32,43
S2330,女,19,29,38,51,54
S2331,女,15,19,27,44,57
S2332,女,16,17,26,38,50
S2333,男,15,18,24,31,50
S2334,男,17,18,29,32,51
S2335,男,21,27,30,36,42
S2336,男,16,17,22,26,42
S2337,男,15,16,21,33,34
S2338,女,15,16,30,39,44
S2339,男,16,17,19,23,35
S2340,女,19,19,34,38,50
S2341,女,15,22,23,33,46
S2342,男,21,21,35,39,49
S2343,女,15,22,33,48,49
S2344,女,15,19,32,52,54
S2345,男,17,18,29,44,54
S2346,女,18,19,28,37,50
S2347,女,16,19,32,49,57
S2348,男,16,27,34,36,47
S2349,男,18,19,24,29,29
S2350,男,16,19,33,41,51
S2351,男,16,19,37,47,52
S2352,男,24,27,32,48,57
S2353,女,15,15,31,39,48
S2354,女,16,23,35,42,56
S2355,男,22,32,41,39,57
S2356,女,15,17,28,33,42
S2357,女,15,17,33,57,60
S2358,男,16,22,26,40,49
S2359,女,15,16,27,32,37
S2360,女,16,22,25,35,52
S2361,男,17,22,32,48,58
S2362,女,17,16,28,28,52
S2363,女,16,18,39,38,47
S2364,女,15,15,25,35,53
S2365,女,18,15,31,35,48
S2366,女,15,19,26,36,48
S2367,男,16,18,34,44,52
S2368,男,15,21,33,36,51
S2369,男,19,16,22,24,29
S2370,女,15,16,26,41,48
S2371,男,16,16,35,36,48
S2372,男,15,19,35,46,58
S2373,女,17,19,33,46,53
S2374,男,24,27,31,37,42
S2375,男,15,19,22,34,46
S2376,女,17,17,33,45,49
S2377,男,15,19,22,40,45
S2378,男,19,16,25,30,29
S2379,女,16,16,26,37,49
S2380,男,16,19,21,38,41
S2381,女,21,18,36,47,56
S2382,男,15,17,22,35,47
S2383,男,15,21,29,33,46
S2384,女,16,27,36,31,48
S2385,女,16,15,19,29,48
S2386,女,15,15,18,31,29
S2387,女,18,22,34,38,42
S2388,男,18,21,34,42,50
S2389,男,16,19,26,38,44
S2390,女,20,21,21,29,47
S2391,男,15,15,31,41,56
S2392,女,18,21,24,36,51
S2393,女,19,17,29,37,51
S2394,男,19,19,32,34,35
S2395,女,17,19,25,38,43
S2396,女,15,17,28,38,37
S2397,男,15,15,25,31,36
S2398,男,15,18,27,34,47
S2399,女,15,16,28,40,51
S2400,女,15,16,27,33,39
S2401,女,16,18,28,34,44
S2402,女,16,19,36,51,60
S2403,男,20,21,35,37,47
S2404,男,15,16,30,32,34
S2405,女,15,20,28,39,45
S2406,女,15,18,29,44,56
S2407,女,16,20,24,33,35
S2408,女,20,18,27,29,36
S2409,男,17,21,28,37,52
S2410,男,17,16,33,34,53
S2411,女,16,15,20,23,41
S2412,女,17,19,32,33,37
S2413,女,19,24,31,41,50
S2414,男,19,20,32,37,57
S2415,男,16,18,29,35,40
S2416,女,17,17,37,47,37
S2417,女,15,18,19,22,31
S2418,男,17,17,20,29,31
S2419,男,16,17,37,44,51
S2420,女,15,18,33,43,58
S2421,男,15,20,32,41,52
S2422,男,15,18,24,36,42
S2423,男,15,20,25,36,36
S2424,男,16,18,30,33,35
S2425,女,15,15,27,34,57
S2426,女,18,19,26,45,49
S2427,女,17,17,26,31,46
S2428,女,15,21,36,42,52
S2429,男,16,21,20,35,39
S2430,男,15,22,35,38,45
S2431,男,18,20,23,32,45
S2432,男,21,20,30,37,41
S2433,女,15,18,33,33,39
S2434,女,16,21,25,48,52
S2435,男,21,21,28,36,57
S2436,女,17,18,33,39,41
S2437,男,16,18,32,40,54
S2438,男,18,17,36,39,50
S2439,男,15,17,31,40,46
S2440,男,20,24,28,36,37
S2441,女,16,19,30,40,54
S2442,女,15,17,25,40,45
S2443,男,15,19,32,44,52
S2444,女,19,20,31,45,52
S2445,女,15,17,29,35,33
S2446,男,15,15,31,34,43
S2447,女,15,18,25,27,36
S2448,女,18,20,28,42,56
S2449,女,21,23,30,39,36
S2450,男,15,15,24,31,39
S2451,男,17,18,28,39,54
S2452,女,16,17,30,34,40
S2453,男,20,21,28,37,54
S2454,男,15,24,34,45,56
S2455,男,19,17,27,44,53
S2456,女,18,18,26,41,44
S2457,女,17,23,32,37,42
S2458,女,24,23,32,37,42
S2459,男,16,18,37,34,41
S2460,女,16,17,28,39,48
S2461,女,15,18,32,39,47
S2462,男,19,25,39,46,57
S2463,男,15,20,32,37,48
S2464,女,21,21,30,36,46
S2465,男,15,15,20,28,48
S2466,女,19,21,30,35,51
S2467,女,15,15,22,41,47
S2468,女,16,17,29,35,49
S2469,男,19,18,24,39,51
S2470,女,16,17,25,33,47
S2471,女,21,20,30,41,53
S2472,女,15,19,26,38,50
S2473,男,16,18,23,31,34
S2474,女,15,16,24,30,41
S2475,男,16,18,34,46,54
S2476,男,21,16,28,34,39
S2477,男,16,29,27,43,55
S2478,男,17,17,26,31,38
S2479,女,15,18,28,33,49
S2480,女,16,20,28,45,46
S2481,女,21,25,33,34,49
S2482,男,15,20,22,23,38
S2483,女,16,16,29,35,48
S2484,女,23,30,34,37,44
S2485,女,21,21,32,39,52
S2486,男,15,15,24,35,47
S2487,女,16,21,29,41,46
S2488,男,22,25,29,33,43
S2489,男,16,19,30,39,43
S2490,男,15,15,20,34,49
S2491,男,16,15,19,28,40
S2492,男,16,19,27,34,51
S2493,男,22,19,23,22,35
S2494,女,26,24,34,35,40
S2495,男,16,17,24,34,38
S2496,女,16,16,26,43,53
S2497,女,15,17,20,37,47
S2498,男,15,16,24,31,53
S2499,男,23,24,31,51,56
S2500,女,16,16,34,31,34
S2501,男,15,15,31,34,46
S2502,男,18,23,32,41,56
S2503,女,16,16,29,43,57
S2504,女,21,22,26,38,52
S2505,女,17,20,35,37,40
S2506,女,16,17,28,32,45
S2507,男,19,21,24,37,55
S2508,女,15,19,29,42,51
S2509,男,15,17,28,35,35
S2510,女,16,17,20,34,38
S2511,男,23,21,34,49,53
S2512,女,19,19,32,39,49
S2513,男,15,15,26,30,42
S2514,男,17,19,30,36,37
S2515,女,17,17,37,45,47
S2516,男,15,16,21,38,47
S2517,男,17,19,26,33,46
S2518,女,19,22,34,41,48
S2519,男,18,19,32,36,45
S2520,女,15,21,34,40,51
S2521,男,15,21,33,46,56
S2522,女,17,18,31,41,53
S2523,女,15,18,31,36,56
S2524,男,15,22,26,46,48
S2525,男,16,20,31,44,55
S2526,女,15,20,29,41,49
S2527,男,15,18,31,35,48
S2528,男,16,17,26,33,46
S2529,女,15,16,21,33,36
S2530,女,19,20,35,41,50
S2531,男,15,17,30,48,49
S2532,女,18,19,38,46,49
S2533,女,15,17,30,40,41
S2534,男,16,15,25,34,47
S2535,男,20,22,26,33,47
S2536,女,18,15,30,40,44
S2537,女,15,20,31,46,58
S2538,女,15,17,23,33,36
S2539,男,16,19,27,38,43
S2540,女,16,18,28,48,55
S2541,男,15,18,29,34,53
S2542,男,16,18,25,44,54
S2543,女,15,16,29,42,48
S2544,男,15,17,26,45,54
S2545,男,16,17,30,36,52
S2546,女,17,18,34,36,49
S2547,男,18,20,25,41,43
S2548,女,18,21,34,54,58
S2549,女,15,17,27,35,37
S2550,女,21,21,34,42,48
S2551,男,19,23,30,48,57
S2552,女,15,20,30,38,46
S2553,男,16,22,35,40,53
S2554,男,16,17,29,37,50
S2555,女,16,23,31,36,47
S2556,男,16,18,21,26,36
S2557,男,16,15,23,31,43
S2558,女,15,15,22,33,36
S2559,男,15,15,26,34,52
S2560,女,15,16,18,29,49
S2561,女,16,16,24,25,37
S2562,男,15,17,21,29,50
S2563,女,18,23,36,44,54
S2564,女,19,22,29,41,49
S2565,男,16,15,35,35,41
S2566,女,19,15,31,41,44
S2567,女,15,16,25,39,49
S2568,男,16,17,33,34,53
S2569,男,15,18,28,36,54
S2570,男,18,16,24,33,45
S2571,男,17,20,28,41,43
S2572,男,17,18,28,35,45
S2573,男,20,25,31,40,49
S2574,女,17,17,26,33,44
S2575,男,16,20,33,32,40
S2576,女,15,16,20,30,37
S2577,男,16,20,29,30,36
S2578,男,18,19,25,36,54
S2579,男,21,21,27,31,40
S2580,女,15,17,30,30,47
S2581,男,16,19,23,30,40
S2582,男,16,25,36,42,56
S2583,男,22,22,27,31,36
S2584,女,15,20,32,35,48
S2585,女,15,17,29,44,56
S2586,男,15,18,21,39,49
S2587,女,15,18,25,33,34
S2588,男,16,23,23,37,45
S2589,男,15,17,36,37,46
S2590,女,21,15,28,36,50
S2591,女,18,24,24,29,35
S2592,男,16,15,20,36,36
S2593,女,18,16,32,29,37
S2594,男,19,21,30,37,55
S2595,女,19,24,33,43,56
S2596,女,16,15,35,35,38
S2597,男,17,20,26,36,47
S2598,女,15,22,26,33,50
S2599,女,27,21,35,51,57
S2600,男,15,21,26,36,43
S2601,女,19,24,37,45,60
S2602,女,25,27,35,39,48
S2603,男,17,18,27,34,41
S2604,男,16,21,22,36,41
S2605,女,15,19,20,29,41
S2606,男,18,19,31,51,54
S2607,男,16,15,18,34,30
S2608,男,15,27,26,32,31
S2609,男,16,17,25,38,47
S2610,男,18,22,29,33,37
S2611,男,17,22,27,39,46
S2612,男,15,17,28,34,42
S2613,男,20,25,33,41,45
S2614,男,15,16,32,45,44
S2615,男,15,17,25,41,51
S2616,男,16,19,29,37,42
S2617,女,15,15,24,34,37
S2618,男,20,23,30,34,49
S2619,男,17,17,22,31,40
S2620,男,23,28,28,32,34
S2621,女,16,19,30,35,50
S2622,女,15,16,28,36,51
S2623,男,15,18,23,31,34
S2624,女,15,19,32,41,57
S2625,女,15,18,29,34,46
S2626,男,15,16,29,31,42
S2627,女,16,16,20,30,34
S2628,男,17,18,26,37,48
S2629,男,15,16,28,34,41
S2630,女,17,22,33,44,53
S2631,女,16,19,28,53,54
S2632,男,16,18,33,39,48
S2633,男,16,19,27,41,58
S2634,男,18,18,36,40,49
S2635,女,15,16,21,23,35
S2636,女,16,22,32,38,51
S2637,男,21,20,35,41,45
S2638,男,21,21,26,34,41
S2639,男,22,26,33,41,52
S2640,男,17,19,28,39,44
S2641,女,16,17,28,40,40
S2642,女,16,16,25,40,48
S2643,男,20,25,29,30,43
S2644,女,16,19,31,41,53
S2645,女,17,17,32,39,51
S2646,男,15,15,31,24,51
S2647,女,16,17,24,33,43
S2648,男,29,30,33,46,52
S2649,男,15,19,25,33,55
S2650,女,15,16,26,41,45
S2651,男,15,15,22,31,38
S2652,男,17,16,20,30,40
S2653,女,19,19,28,44,54
S2654,女,18,23,31,36,51
S2655,女,15,20,29,35,40
S2656,女,16,23,36,48,56
S2657,男,18,19,30,31,40
S2658,女,15,18,16,25,34
S2659,女,16,21,30,47,55
S2660,男,15,15,28,37,45
S2661,女,20,30,36,38,41
S2662,男,15,16,24,31,41
S2663,男,17,18,35,44,57
S2664,男,16,15,26,40,37
S2665,女,17,19,31,40,43
S2666,男,15,16,21,32,42
S2667,女,17,21,30,35,44
S2668,女,16,19,28,43,50
S2669,男,23,22,31,36,49
S2670,女,17,25,30,36,44
S2671,男,17,18,42,47,55
S2672,女,19,21,34,43,58
S2673,女,16,20,32,41,44
S2674,女,16,19,29,34,44
S2675,女,18,19,29,39,53
S2676,女,16,16,24,36,47
S2677,女,16,19,27,40,42
S2678,女,16,25,31,41,43
S2679,女,18,19,33,45,55
S2680,女,18,27,33,48,57
S2681,男,18,18,29,37,52
S2682,女,16,26,32,38,44
S2683,女,15,17,34,36,55
S2684,女,15,15,22,33,37
S2685,男,17,18,27,37,54
S2686,男,15,15,20,30,41
S2687,女,16,17,32,33,53
S2688,男,16,15,26,30,31
S2689,男,15,15,20,31,45
S2690,女,16,21,31,44,53
S2691,男,17,18,24,26,37
S2692,男,20,21,34,38,55
S2693,男,16,17,29,44,55
S2694,女,15,17,26,37,47
S2695,女,16,16,19,31,37
S2696,女,15,17,33,39,50
S2697,女,15,17,29,36,53
S2698,女,16,20,31,42,56
S2699,女,16,17,28,30,43
S2700,女,23,29,34,34,38
S2701,女,18,16,23,33,45
S2702,女,18,28,23,29,46
S2703,女,15,15,30,38,48
S2704,男,16,17,23,34,38
S2705,女,18,18,40,41,59
S2706,女,21,24,34,46,55
S2707,女,15,19,25,36,37
S2708,男,16,15,25,26,42
S2709,男,20,19,30,37,59
S2710,女,16,20,32,52,57
S2711,男,15,15,24,33,49
S2712,男,18,16,26,34,58
S2713,女,16,18,28,35,47
S2714,男,15,16,21,26,36
S2715,男,19,22,25,31,44
S2716,女,16,16,27,49,54
S2717,男,15,16,26,50,60
S2718,女,18,21,35,45,60
S2719,女,21,21,31,40,50
S2720,女,20,19,28,35,51
S2721,男,24,25,36,39,50
S2722,男,15,22,34,50,60
S2723,男,30,29,32,33,37
S2724,男,15,18,22,26,46
S2725,男,16,21,33,37,41
S2726,女,15,18,27,30,21
S2727,男,15,16,28,43,42
S2728,男,15,17,19,42,47
S2729,女,16,20,30,42,53
S2730,女,22,23,31,33,36
S2731,女,15,15,26,31,37
S2732,男,16,21,38,42,54
S2733,男,18,16,26,37,43
S2734,女,17,23,46,55,57
S2735,女,17,22,30,39,44
S2736,女,15,15,28,46,54
S2737,女,17,20,35,44,51
S2738,女,15,19,27,37,42
S2739,女,17,24,36,51,58
S2740,女,15,15,33,42,50
S2741,女,16,17,38,44,52
S2742,女,15,19,35,38,39
S2743,男,16,25,26,42,49
S2744,男,15,15,21,34,38
S2745,男,19,20,27,28,33
S2746,女,17,19,25,32,36
S2747,男,16,17,31,35,49
S2748,女,19,19,33,32,40
S2749,女,18,16,26,48,43
S2750,男,19,20,31,38,49
S2751,女,16,18,22,29,42
S2752,女,15,18,24,38,45
S2753,女,18,21,28,44,50
S2754,男,15,22,25,39,45
S2755,男,16,18,26,44,53
S2756,女,15,21,32,41,45
S2757,女,15,19,35,48,56
S2758,女,16,15,31,42,58
S2759,女,15,24,30,32,46
S2760,女,15,16,29,49,59
S2761,女,18,19,29,36,48
S2762,男,18,16,26,37,49
S2763,女,15,21,28,30,39
S2764,女,19,21,25,37,43
S2765,男,16,18,32,40,54
S2766,女,17,18,39,37,50
S2767,女,25,24,28,36,42
S2768,女,20,20,33,42,52
S2769,女,17,16,37,42,53
S2770,男,17,22,29,54,57
S2771,女,23,21,33,42,46
S2772,女,17,19,29,40,52
S2773,女,15,25,27,43,39
S2774,男,21,22,34,36,47
S2775,女,16,19,36,33,39
S2776,女,17,17,25,42,56
S2777,女,21,20,35,54,55
S2778,女,16,19,36,46,58
S2779,男,17,17,26,35,49
S2780,女,18,17,31,39,49
S2781,女,15,20,32,38,43
S2782,女,17,18,27,35,48
S2783,女,15,17,27,35,33
S2784,男,15,16,23,32,39
S2785,男,16,18,30,34,45
S2786,男,18,19,32,33,50
S2787,男,16,18,22,33,31
S2788,女,21,21,30,35,53
S2789,女,19,18,17,31,38
S2790,女,15,15,23,31,40
S2791,男,15,18,22,25,23
S2792,男,17,15,26,34,46
S2793,男,15,19,27,35,44
S2794,男,17,20,35,40,49
S2795,男,16,17,34,39,46
S2796,女,17,19,33,49,59
S2797,男,18,18,30,39,52
S2798,男,15,21,37,48,57
S2799,男,15,18,21,27,30
S2800,男,17,19,27,32,52
S2801,女,18,20,32,39,47
S2802,女,17,19,26,31,36
S2803,男,15,16,24,36,44
S2804,女,15,20,36,40,55
S2805,男,20,21,29,31,44
S2806,男,16,20,24,32,39
S2807,男,16,19,29,37,47
S2808,男,18,21,37,47,53
S2809,女,16,17,25,36,39
S2810,女,15,15,31,36,51
S2811,女,20,19,30,41,48
S2812,男,15,15,19,31,37
S2813,男,23,23,31,36,41
S2814,男,16,17,31,38,50
S2815,男,21,16,29,40,47
S2816,男,23,20,34,46,52
S2817,女,15,19,26,36,45
S2818,男,16,17,29,33,42
S2819,男,16,17,30,49,51
S2820,男,15,16,27,29,37
S2821,女,16,16,29,34,40
S2822,男,15,15,24,30,35
S2823,女,17,18,28,34,42
S2824,男,16,17,26,30,44
S2825,男,16,19,33,46,57
S2826,男,15,21,27,33,37
S2827,女,16,17,24,39,42
S2828,男,16,18,28,36,53
S2829,女,15,15,31,45,52
S2830,女,15,19,40,40,45
S2831,女,19,21,33,41,51
S2832,女,15,18,27,35,43
S2833,男,16,18,27,26,37
S2834,男,16,17,35,43,51
S2835,男,15,18,23,32,33
S2836,男,17,22,34,29,35
S2837,男,16,28,31,35,39
S2838,男,19,18,30,38,46
S2839,女,21,23,50,49,55
S2840,男,17,25,34,40,51
S2841,女,15,15,22,29,32
S2842,男,15,15,23,41,47
S2843,男,18,27,27,44,53
S2844,男,18,23,36,39,47
S2845,男,16,20,25,34,43
S2846,男,16,15,28,29,42
S2847,男,17,17,31,34,47
S2848,男,16,19,27,39,39
S2849,男,19,26,28,33,43
S2850,男,16,21,32,39,41
S2851,男,16,17,33,42,45
S2852,男,15,17,19,32,31
S2853,女,16,19,24,27,42
S2854,女,21,24,37,49,57
S2855,男,15,16,22,32,41
S2856,男,15,17,28,30,37
S2857,男,17,18,29,36,49
S2858,男,16,17,26,40,52
S2859,女,15,15,22,30,36
S2860,女,17,25,32,42,44
S2861,女,16,17,34,44,52
S2862,男,17,18,24,32,54
S2863,女,16,21,29,46,50
S2864,女,23,24,26,26,48
S2865,男,15,18,29,51,56
S2866,男,17,18,28,42,55
S2867,女,15,16,25,34,49
S2868,女,18,18,34,50,50
S2869,女,17,24,22,29,36
S2870,女,15,17,28,39,50
S2871,男,21,19,30,41,44
S2872,男,17,18,28,43,56
S2873,男,15,15,24,29,48
S2874,女,17,19,27,41,57
S2875,男,15,18,29,39,47
S2876,女,17,19,31,41,56
S2877,男,18,17,29,35,52
S2878,男,15,15,22,31,47
S2879,女,17,20,32,54,56
S2880,男,21,22,27,37,40
S2881,女,19,18,30,47,51
S2882,女,15,15,22,33,42
S2883,男,16,20,32,50,56
S2884,女,22,31,39,52,57
S2885,男,15,17,32,29,35
S2886,男,18,19,31,37,43
S2887,女,18,19,23,29,44
S2888,男,15,15,26,32,43
S2889,女,19,23,28,42,52
S2890,女,16,20,26,44,60
S2891,男,18,20,33,47,51
S2892,男,21,23,27,34,44
S2893,女,18,19,28,41,53
S2894,女,15,15,31,32,37
S2895,男,20,20,26,34,41
S2896,女,16,17,23,30,42
S2897,女,17,19,41,54,54
S2898,男,18,27,40,42,58
S2899,男,15,15,23,36,43
S2900,女,16,16,26,37,48
S2901,女,18,21,25,41,49
S2902,女,19,18,37,42,54
S2903,男,15,16,29,35,54
S2904,女,17,18,28,37,55
S2905,女,20,28,37,45,54
S2906,男,18,20,35,42,43
S2907,女,18,19,32,44,50
S2908,女,15,19,28,36,49
S2909,男,16,17,24,34,46
S2910,男,17,15,29,29,35
S2911,男,15,16,25,30,35
S2912,男,17,18,29,25,47
S2913,女,16,19,27,33,42
S2914,女,20,22,34,45,53
S2915,男,15,18,29,35,44
S2916,女,16,16,21,26,25
S2917,女,17,23,34,39,54
S2918,男,16,15,26,42,44
S2919,女,17,23,27,37,57
S2920,女,16,17,29,37,55
S2921,男,15,19,25,46,40
S2922,女,15,19,36,50,56
S2923,女,16,20,27,41,51
S2924,女,15,18,19,33,45
S2925,男,17,22,33,44,57
S2926,男,15,17,28,38,47
S2927,女,19,20,21,43,50
S2928,女,15,20,28,38,44
S2929,男,15,18,19,31,52
S2930,男,29,29,33,44,41
S2931,男,15,20,28,35,34
S2932,女,17,17,29,41,50
S2933,女,17,17,31,26,39
S2934,女,15,15,20,28,36
S2935,女,16,20,27,37,50
S2936,女,18,21,27,30,47
S2937,女,21,18,26,37,46
S2938,女,16,20,30,44,48
S2939,男,15,16,27,41,50
S2940,女,16,15,29,38,41
S2941,男,17,18,28,38,52
S2942,男,17,21,32,45,56
S2943,男,17,18,26,35,41
S2944,男,18,20,29,32,37
S2945,女,16,17,22,30,41
S2946,女,16,17,31,39,39
S2947,女,15,15,19,33,38
S2948,女,15,21,27,40,52
S2949,女,21,22,32,33,47
S2950,男,15,20,22,27,33
S2951,男,19,18,32,37,41
S2952,女,18,23,30,34,45
S2953,男,16,20,32,42,40
S2954,女,17,17,30,40,48
S2955,男,16,20,29,34,46
S2956,男,20,31,39,42,54
S2957,男,21,21,25,31,30
S2958,女,16,20,25,38,47
S2959,女,16,18,38,39,45
S2960,女,15,17,27,39,53
S2961,女,30,23,33,50,52
S2962,女,15,20,35,47,57
S2963,女,15,24,29,40,49
S2964,男,18,16,20,28,46
S2965,女,18,23,31,38,57
S2966,女,19,22,37,41,54
S2967,女,18,19,36,39,48
S2968,女,18,20,31,38,48
S2969,男,16,17,25,34,43
S2970,男,15,20,30,48,57
S2971,女,15,15,27,33,46
S2972,男,15,15,20,36,45
S2973,女,17,20,27,39,49
S2974,女,16,18,24,34,46
S2975,男,16,19,28,30,47
S2976,女,17,19,32,41,52
S2977,女,18,19,23,39,37
S2978,女,24,24,29,43,52
S2979,男,17,17,23,37,51
S2980,女,15,17,28,35,50
S2981,男,17,17,35,41,53
S2982,男,15,15,24,28,38
S2983,女,16,20,30,49,59
S2984,男,15,15,19,29,32
S2985,男,18,19,20,31,49
S2986,女,17,17,35,40,53
S2987,女,20,25,40,50,57
S2988,男,17,21,23,30,35
S2989,女,16,17,27,32,46
S2990,男,19,19,27,35,49
S2991,女,15,18,60,34,40
S2992,男,18,16,28,35,50
S2993,女,17,22,32,43,44
S2994,男,17,18,25,29,34
S2995,女,15,15,31,33,39
S2996,男,21,27,31,39,40
S2997,女,16,17,26,38,47
S2998,男,17,22,35,47,51
S2999,男,17,18,28,37,50
S3000,男,16,16,21,36,47
